"MLS","St","Status Date","P Type","Address","Municipality Township","City","Area","CDOM","Price","Bedrooms","Bth","Square Footage","Acres","Age","Listing Office ID"
"13054296","S","11/15/2013","RESI","10620 Glenshire Terrace","Unincorporated","St Louis","316","12","$130,100","3","2 (2 0)","","0.1730","45","DPEV01"
"13047772","S","10/31/2013","RESI","9515 Trinadad Lane","Unincorporated","St Louis","316","15","$131,500","4","2 (2 0)","","0.2300","54","DPEV01"
"13057822","S","10/16/2013","RESI","1400 Fournier","Crestwood","Crestwood","316","0","$133,000","3","1 (1 0)","1,338","0.1800","66","PMIR01"
"13040784","S","11/06/2013","RESI","8821 Anchorage","Crestwood","Crestwood","316","90","$135,000","3","2 (2 0)","1,299","","60","EXSL01"
"13039179","S","12/30/2013","RESI","11115 Fawnhaven","Unincorporated","St Louis","316","136","$135,000","3","2 (1 1)","1,026","0.1720","55","CBG 07"
"13052709","S","10/31/2013","RESI","4674 Gatesbury","Unincorporated","St Louis","316","9","$136,000","4","3 (2 1)","1,622","0.2240","53","RLXG01"
"13051364","S","11/21/2013","RESI","1037 Coffey","Crestwood","St Louis","316","30","$138,000","3","2 (2 0)","1,508","0.0000","65","CBG 07"
"13046987","S","12/23/2013","RESI","1517 Shoppers","Crestwood","St Louis","316","124","$139,900","3","2 (2 0)","1,258","0.1720","64","MADA01"
"13045081","S","10/25/2013","RESI","952 Coffey Dr","Crestwood","Crestwood","316","56","$139,900","3","1 (1 0)","1,170","0.2120","68","CBG 25"
"13058512","S","12/04/2013","RESI","10624 Roanna Lane","Sunset Hills","St Louis","316","14","$140,000","3","3 (3 0)","1,711","0.4630","50","NICL01"
"13032364","S","11/14/2013","RESI","937 Rosaire","Crestwood","Crestwood","316","142","$142,500","3","2 (1 1)","1,288","0.1940","57","RMXR04"
"13049841","S","10/17/2013","RESI","9561 Lodge Pole","Crestwood","St Louis","316","12","$143,500","3","1 (1 0)","1,220","0.1720","62","CBG 07"
"13046423","S","10/04/2013","RESI","10930 Ambush Dr","Green Park","St Louis","316","32","$145,000","3","2 (2 0)","888","0.1710","55","PRUA05"
"13045374","S","10/22/2013","RESI","11052 Ridge Forest Ct","Unincorporated","St Louis","316","32","$145,000","3","1 (1 0)","1,120","0.2650","59","RMXR03"
"13027329","S","11/22/2013","RESI","4835 South Lindbergh Blvd","Unincorporated","St Louis","316","140","$145,000","4","5 (3 2)","4,034","0.4630","59","ALXD01"
"13058612","S","11/20/2013","RESI","565 Lodge Dr","Crestwood","St Louis","316","210","$146,000","3","2 (2 0)","1,504","0.2920","57","PRUA02"
"13040405","S","10/23/2013","RESI","4630 Fieldbrook Terrace","Unincorporated","St Louis","316","93","$147,000","3","2 (2 0)","1,292","","55","MCAR01"
"13061207","S","11/18/2013","RESI","9527 Tealridge Dr","Unincorporated","St Louis","316","0","$150,000","3","2 (1 1)","1,022","0.1700","53","RMXR02"
"13046676","S","10/28/2013","RESI","10809 Palmyra","Unincorporated","St Louis","316","35","$150,000","3","2 (2 0)","960","0.2070","64","SAVR01"
"13044722","S","10/01/2013","RESI","4915 Brockwood Dr","Unincorporated","St Louis","316","34","$150,000","4","2 (1 1)","1,871","0.2350","47","RDKY02"
"13040434","S","10/03/2013","RESI","9611 Castanet Ct","Unincorporated","St Louis","316","1","$150,000","3","3 (1 2)","1,090","0.2400","56","EXSL01"
"13044274","S","10/31/2013","RESI","10944 Ridge Forest Dr","Unincorporated","St Louis","316","67","$153,900","3","2 (1 1)","1,647","0.1780","61","EXSL01"
"13055658","S","10/29/2013","RESI","9167 Garber Rd","Crestwood","St Louis","316","12","$155,000","2","1 (1 0)","1,117","0.2300","58","CBG 25"
"13032766","S","10/24/2013","RESI","10279 Julius Northway","Sunset Hills","St Louis","316","35","$156,000","3","3 (2 1)","1,616","0.2360","55","RDKY02"
"13029757","S","10/28/2013","RESI","4800 Danebury","Unincorporated","St Louis","316","103","$156,500","3","2 (2 0)","1,697","0.2760","53","CBG 07"
"13054478","S","10/25/2013","RESI","10801 Platte Dr","Green Park","Green Park","316","1","$157,500","3","3 (3 0)","1,467","0.1700","48","WREN02"
"13050843","S","10/31/2013","RESI","9819 Sappington Rd","Sunset Hills","St Louis","316","40","$158,000","4","3 (3 0)","1,658","0.5100","61","EXER01"
"13042818","S","10/21/2013","RESI","10628 Roxanna Dr","Unincorporated","St Louis","316","83","$158,000","3","2 (1 1)","1,161","0.4680","60","EXSL01"
"13043951","S","10/30/2013","RESI","670 Conover Lane","Crestwood","Crestwood","316","54","$159,000","3","2 (2 0)","","0.1150","62","KWSW01"
"13051371","S","10/24/2013","RESI","509 Rayburn Ave","Crestwood","St Louis","316","26","$159,900","4","2 (2 0)","1,040","0.1740","58","ANTR01"
"13049634","S","12/03/2013","RESI","723 Dallwood","Crestwood","St Louis","316","49","$159,900","3","3 (1 2)","","0.1780","60","CBG 49"
"13051774","S","10/25/2013","RESI","10522 Copperfield Dr","Unincorporated","St Louis","316","6","$160,000","3","2 (2 0)","1,470","0.1720","47","EXSL01"
"13048779","S","11/25/2013","RESI","11240 Claywood Dr","Unincorporated","St Louis","316","69","$160,000","3","2 (2 0)","1,440","0.1590","52","SLEC03"
"13055436","S","11/21/2013","RESI","9833 Briardale Ct","Unincorporated","St Louis","316","28","$164,900","3","2 (2 0)","1,921","0.1720","57","CBG 25"
"13050308","S","10/22/2013","RESI","10001 Shea Dr","Unincorporated","St Louis","316","9","$165,000","3","2 (2 0)","1,238","0.2540","62","MADA01"
"13047690","S","11/01/2013","RESI","10138 Baptist Church Rd","Unincorporated","St Louis","316","455","$165,000","3","3 (2 1)","1,574","0.1820","49","RMXR04"
"13045760","S","10/28/2013","RESI","4742 Morestead","Unincorporated","St Louis","316","36","$165,000","3","2 (2 0)","1,550","","53","EXSL01"
"13043235","S","11/15/2013","RESI","5016 South Lindbergh","Unincorporated","St Louis","316","69","$165,000","4","2 (2 0)","2,346","1.0400","68","BRSR01"
"13058352","S","12/06/2013","RESI","9553 Fantasy","Unincorporated","St Louis","316","42","$166,000","3","3 (2 1)","1,022","0.1730","57","RMXR01"
"13045749","S","10/01/2013","RESI","4440 Gemini","Unincorporated","St Louis","316","30","$166,000","2","3 (2 1)","1,504","0.0000","41","REGO01"
"13036260","S","11/27/2013","RESI","9632 Big Bend Blvd","Crestwood","Crestwood","316","92","$169,000","3","2 (2 0)","1,474","0.2040","85","MADA01"
"13052256","S","11/08/2013","RESI","10639 Larkspur Dr","Unincorporated","St Louis","316","41","$169,500","2","2 (2 0)","1,400","0.2120","60","CBPR01"
"13025172","S","10/29/2013","RESI","11252 Monte Carlo","Unincorporated","St Louis","316","132","$169,500","3","3 (2 1)","1,294","0.2530","53","CBG 07"
"13050715","S","12/30/2013","RESI","9625 Twincrest","Crestwood","Crestwood","316","81","$169,900","3","3 (1 2)","1,370","0.3220","63","RMXR01"
"13031468","S","10/25/2013","RESI","12336 Worthington","Unincorporated","St Louis","316","144","$171,000","4","3 (3 0)","1,634","0.3400","51","JCBS01"
"13047530","S","10/29/2013","RESI","9131 Pardee Spur","Crestwood","Crestwood","316","39","$173,800","0","2 (2 0)","1,356","0.2700","59","RMXR02"
"13045918","S","10/04/2013","RESI","8816 Manda Lane","Crestwood","Crestwood","316","38","$175,000","3","2 (2 0)","1,490","0.2300","60","CBG 04"
"13058949","S","12/02/2013","RESI","834 South Sappington","Crestwood","St Louis","316","40","$176,500","3","2 (1 1)","1,358","0.3670","59","STJM01"
"13028360","S","11/05/2013","RESI","9901 Norcross","Crestwood","Crestwood","316","119","$179,823","3","3 (3 0)","1,344","0.2980","60","CBG 25"
"13055779","S","12/04/2013","RESI","4641 Colima Ct","Unincorporated","St Louis","316","63","$182,000","4","3 (3 0)","2,340","0.2150","41","RMXP01"
"13063437","S","11/20/2013","RESI","10056 Barberton Dr","Crestwood","Crestwood","316","0","$184,000","3","2 (2 0)","1,472","0.3120","60","SLEC04"
"13045666","S","11/22/2013","RESI","10643 Meath Dr","Unincorporated","St Louis","316","92","$185,000","3","3 (2 1)","1,361","0.2030","56","WBRS01"
"13054689","S","11/20/2013","RESI","9116 Pardee Spur","Crestwood","St Louis","316","17","$190,000","4","3 (2 1)","2,008","0.3490","47","SLEC01"
"13038845","S","10/31/2013","RESI","715 Spring Crest","Unincorporated","Fenton","316","75","$192,000","3","2 (2 0)","","0.2300","25","BRSR01"
"13055976","S","11/08/2013","RESI","10617 Tioga","Sunset Hills","St Louis","316","32","$199,500","4","3 (2 1)","1,882","0.2300","52","EXSL01"
"13052480","S","10/24/2013","RESI","9318 Cordoba Lane","Crestwood","Crestwood","316","4","$200,000","3","3 (2 1)","1,350","0.2380","57","RDKY02"
"13059320","S","12/17/2013","RESI","9537 Craigwood Terr","Crestwood","Crestwood","316","31","$210,000","3","3 (2 1)","1,745","0.2630","57","CBG 25"
"13062027","S","12/06/2013","RESI","9228 Ewers Dr","Crestwood","Crestwood","316","27","$212,000","4","3 (3 0)","1,624","0.4400","60","REGO05"
"13055253","S","11/15/2013","RESI","7300 Forest Haven","Unincorporated","St Louis","316","69","$215,000","3","3 (2 1)","","0.3120","58","KWSW01"
"13048689","S","11/15/2013","RESI","8922 Red Oak Dr","Crestwood","St Louis","316","79","$215,000","3","2 (2 0)","1,462","0.2310","56","CBG 14"
"13048329","S","10/29/2013","RESI","8914 Manda Lane","Crestwood","Crestwood","316","51","$215,000","4","3 (2 1)","1,604","0.2340","52","RORE01"
"13045973","S","12/20/2013","RESI","9859 Sappington Rd","Sunset Hills","Sunset Hills","316","99","$215,800","3","1 (1 0)","1,822","0.5140","66","MCFE01"
"13054417","S","12/06/2013","RESI","4710 Sunnyview Dr","Unincorporated","St Louis","316","43","$218,750","4","2 (2 0)","1,998","0.2200","54","PRUA02"
"13047431","S","11/04/2013","RESI","10827 Faraday Dr","Unincorporated","St Louis","316","38","$219,900","4","3 (2 1)","","0.1740","62","WBRS01"
"13062386","S","12/13/2013","RESI","9020 Crest Oak Lane","Crestwood","Crestwood","316","30","$220,000","3","3 (2 1)","1,552","0.2340","60","CBG 11"
"13042102","S","10/03/2013","RESI","7618 Bull Run Dr","Crestwood","Crestwood","316","6","$220,000","3","3 (3 0)","1,698","0.2310","54","CBG 25"
"13062516","S","12/23/2013","RESI","10521 Mimosa Lane","Unincorporated","St Louis","316","40","$222,000","3","3 (3 0)","1,935","0.4650","62","CBG 03"
"13049933","S","10/01/2013","RESI","8967 Lindenhurst Dr","Crestwood","Crestwood","316","5","$224,000","3","2 (2 0)","1,515","0.2410","59","CFSR01"
"13052189","S","10/17/2013","RESI","5145 Reynosa Dr","Unincorporated","St Louis","316","3","$229,911","3","2 (2 0)","1,750","0.3250","49","WREA01"
"13050710","S","10/30/2013","RESI","17 Raintree Ct","Fenton","Fenton","316","12","$230,000","4","2 (2 0)","2,684","0.2760","46","CBG 03"
"13049938","S","11/04/2013","RESI","4815 Dorsie","Unincorporated","St Louis","316","81","$235,000","4","3 (2 1)","2,456","0.5740","52","RMXR02"
"13048213","S","12/06/2013","RESI","9128 Pennant","Crestwood","St Louis","316","74","$235,000","3","2 (2 0)","1,802","0.2440","62","CBG 07"
"13049442","S","10/18/2013","RESI","9245 Laramie","Crestwood","St Louis","316","44","$240,000","3","2 (2 0)","1,611","0.3640","55","KING01"
"13047499","S","11/22/2013","RESI","40 Lincord Dr","Unincorporated","St Louis","316","103","$242,850","3","2 (2 0)","1,592","0.4910","66","RMXR02"
"13044376","S","10/29/2013","RESI","10538 Hackamore Lane","Unincorporated","St Louis","316","50","$249,900","3","2 (2 0)","1,815","0.2650","53","PRUA14"
"13061921","S","12/27/2013","RESI","11867 Twillwood Dr","Sunset Hills","St Louis","316","45","$255,000","4","3 (2 1)","1,704","0.4780","61","EXSL01"
"13042154","S","12/13/2013","RESI","10246 East Watson Rd","Sunset Hills","Sunset Hills","316","138","$255,000","3","2 (2 0)","1,844","0.4880","53","RORE01"
"13047756","S","10/18/2013","RESI","41 Dorclin Lane","Unincorporated","St Louis","316","13","$258,850","4","3 (2 1)","1,995","0.3900","49","CBG 11"
"13061619","S","12/09/2013","RESI","11843 Twillwood Dr","Sunset Hills","St Louis","316","5","$267,000","4","3 (2 1)","","0.4580","60","EXSL01"
"13045035","S","10/16/2013","RESI","4324 Apple Grove","Unincorporated","St Louis","316","69","$270,000","3","3 (3 0)","2,148","0.3460","34","REGO01"
"13061854","S","12/11/2013","RESI","9883 Regency Place","Unincorporated","St Louis","316","4","$270,500","3","3 (2 1)","2,332","0.3600","35","CBG 14"
"13063455","S","11/20/2013","RESI","9906 Baywood Terr","Unincorporated","Unincorporated","316","0","$290,000","4","3 (2 1)","2,354","0.1900","32","CRCA01"
"13043368","S","10/11/2013","RESI","9739 Meadowfern Dr","Crestwood","Crestwood","316","71","$298,500","4","4 (3 1)","2,067","","53","RDKY02"
"13065094","S","12/26/2013","RESI","9027 Sky Crest Dr","Crestwood","Crestwood","316","12","$300,000","3","3 (2 1)","1,622","0.2350","53","DIEL01"
"13048147","S","10/17/2013","RESI","9140 Grant Park Dr","Crestwood","St Louis","316","8","$300,000","3","3 (2 1)","2,171","0.2400","31","SLEC01"
"13062069","S","12/12/2013","RESI","11032 Gravois","Unincorporated","St Louis","316","27","$305,000","3","2 (2 0)","1,958","0.7570","73","RMXR02"
"13052612","S","12/12/2013","RESI","17 Oleander","Sunset Hills","Sunset Hills","316","51","$305,000","3","3 (2 1)","2,316","0.5340","65","PRAD02"
"13061213","S","11/18/2013","RESI","411 Heathstone Lane","Sunset Hills","St Louis","316","0","$309,900","4","3 (2 1)","2,066","0.3100","51","RMXR02"
"13051875","S","10/02/2013","RESI","11012 Kingsmere Ct","Unincorporated","St Louis","316","15","$309,900","4","3 (2 1)","2,162","0.1700","15","KWRC01"
"13047035","S","10/07/2013","RESI","10022 Aldred Dr","Sunset Hills","St Louis","316","5","$315,000","3","3 (3 0)","1,750","0.4590","59","KWSW01"
"13048961","S","11/08/2013","RESI","911 Zimmerman Trails Ct","Unincorporated","Fenton","316","68","$335,000","3","2 (2 0)","1,984","0.2700","16","JCBS01"
"13046022","S","12/06/2013","RESI","3 Grantview Lane","Grantwood Village","St Louis","316","76","$352,500","3","3 (2 1)","3,078","0.4560","62","CBPR01"
"13045109","S","11/15/2013","RESI","37 Grantwood Lane","Grantwood Village","Grantwood Village","316","24","$371,000","4","3 (2 1)","3,732","0.5600","62","PRAD01"
"13050783","S","11/05/2013","RESI","11707 Hedgefield Lane","Sunset Hills","St Louis","316","7","$377,000","3","3 (2 1)","1,999","0.2400","34","AMRH01"
"13046380","S","12/19/2013","RESI","12789 Nanell Lane","Sunset Hills","Sunset Hills","316","95","$391,000","5","4 (3 1)","2,420","0.6500","41","MADA01"
"13064002","S","12/30/2013","RESI","59 Grantwood Lane","Grantwood Village","Grantwood Village","316","2","$396,000","4","4 (3 1)","2,475","1.1300","57","EXSL01"
"13044742","S","10/18/2013","RESI","12776 Nanell","Sunset Hills","St Louis","316","52","$400,000","5","4 (3 1)","2,921","0.6400","34","RMXR02"
"13026556","S","11/27/2013","RESI","12815 Edelen Lane","Sunset Hills","Sunset Hills","316","151","$415,000","4","3 (3 0)","2,482","2.7000","56","CBG 15"
"12038332","S","10/31/2013","RESI","9120 Fox Estates Dr","Sunset Hills","Sunset Hills","316","363","$415,000","4","4 (3 1)","3,252","0.4600","51","MCFE01"
"13028919","S","11/21/2013","RESI","10 Zinzer Ct","Grantwood Village","Grantwood Village","316","150","$424,000","4","4 (3 1)","3,000","0.4590","81","HSEP01"
"13054589","S","12/20/2013","RESI","2 Zinzer Ct","Grantwood Village","St Louis","316","62","$430,000","4","4 (2 2)","3,313","0.8260","83","SLHB01"
"13054158","S","11/08/2013","RESI","11822 Fairlind","Sunset Hills","St Louis","316","46","$445,000","4","5 (4 1)","2,900","0.3000","91","CBG 07"
"13044054","S","12/30/2013","RESI","9611 Hidden Valley","Sunset Hills","St Louis","316","120","$480,000","3","4 (3 1)","3,926","0.9800","34","CBG 25"
"13034429","S","10/23/2013","RESI","12794 West Watson Rd","Sunset Hills","Sunset Hills","316","190","$495,000","5","6 (4 2)","3,687","1.3500","9","SLEC01"
"11047897","S","10/21/2013","RESI","12422 Grandview Lake Dr","Sunset Hills","Sunset Hills","316","742","$500,000","3","2 (2 0)","2,692","0.4910","0","CBG 11"
"12065667","S","12/11/2013","RESI","9217 Robyn Rd","Sunset Hills","Sunset Hills","316","130","$500,514","5","5 (4 1)","3,202","0.2900","0","AMRH01"
"13060268","S","12/30/2013","RESI","9233 Tea Rose Lane","Crestwood","Crestwood","316","28","$515,000","4","4 (3 1)","3,317","0.2500","14","CBG 25"
"13033122","S","11/18/2013","RESI","742 River Hills Dr","Fenton","Fenton","316","101","$520,000","4","4 (3 1)","3,048","1.0100","22","RMXG01"
"13052801","S","11/14/2013","RESI","12232 Hadley Hill","Sunset Hills","St Louis","316","4","$530,000","5","5 (3 2)","4,604","0.9300","34","CBG 25"
"13038043","S","11/08/2013","RESI","9906 Sappington","Unincorporated","St Louis","316","178","$541,925","3","3 (2 1)","2,600","0.3600","","CBG 15"
"13050863","S","12/16/2013","RESI","9126 Fox Bridge","Sunset Hills","St Louis","316","161","$560,000","4","5 (3 2)","3,217","0.8100","29","CBPR01"
"13041296","S","12/27/2013","RESI","12512 Grandview Forest Dr #2 ","","Sunset Hills","316","138","$630,000","4","4 (3 1)","3,752","","0","CBG 11"
"13042853","S","10/25/2013","RESI","12564 Grandview Forest Dr","Sunset Hills","Sunset Hills","316","39","$689,000","4","5 (4 1)","5,470","0.8600","7","RMXG01"
"13057391","S","12/17/2013","RESI","13171 Gary Player","Sunset Hills","St Louis","316","46","$745,000","5","5 (4 1)","3,785","0.9200","16","MADA01"
"13050151","S","11/15/2013","RESI","7 Lemay Gardens Dr","Unincorporated","St Louis","331","50","$46,000","2","1 (1 0)","980","0.1440","77","SLEC01"
"13025209","S","10/25/2013","RESI","2779 Clager","Unincorporated","St Louis","331","150","$58,000","2","2 (1 1)","1,016","0.4500","72","HILB01"
"13047987","S","12/17/2013","RESI","623 Ellwine Dr","Unincorporated","St Louis","331","53","$61,000","2","1 (1 0)","950","0.1380","70","RMBC01"
"13023776","S","12/20/2013","RESI","4139 Green Park Rd","Unincorporated","St Louis","331","160","$62,000","3","2 (2 0)","1,448","0.1500","60","DERP01"
"13048231","S","10/17/2013","RESI","115 Sigsbee Ave","Unincorporated","St Louis","331","53","$69,000","2","2 (2 0)","946","0.1490","86","CBG 07"
"13056791","S","12/17/2013","RESI","2938 Hubert Dr","Unincorporated","St Louis","331","21","$72,250","3","3 (2 1)","1,652","0.1720","37","RMXR02"
"13054924","S","11/26/2013","RESI","604 Bellsworth","Unincorporated","St Louis","331","20","$75,000","2","1 (1 0)","1,080","0.1140","78","RMXR02"
"13040348","S","10/16/2013","RESI","314 Kinswood Lane","Unincorporated","St Louis","331","32","$75,000","3","2 (1 1)","1,427","0.1920","41","AMRG01"
"13052962","S","12/20/2013","RESI","10140 Mullally Dr","Unincorporated","St Louis","331","82","$83,000","3","3 (2 1)","1,008","0.1720","58","CBG 06"
"13058734","S","11/21/2013","RESI","1144 Darding Dr","Unincorporated","St Louis","331","5","$85,000","3","2 (1 1)","1,248","0.2200","57","KWRC01"
"13040037","S","11/21/2013","RESI","1232 Coronation Dr","Unincorporated","St Louis","331","97","$85,000","3","2 (2 0)","1,432","0.1720","57","KWSW01"
"13008834","S","11/05/2013","RESI","3334 Maryalan Ct","Unincorporated","St Louis","331","403","$85,000","3","1 (1 0)","858","0.6040","61","CBG 14"
"13052937","S","11/26/2013","RESI","2314 Telegraph Rd","Unincorporated","St Louis","331","30","$85,500","3","2 (1 1)","1,533","0.3550","72","CBG 05"
"13057859","S","12/20/2013","RESI","5010 KEMPF Dr","Unincorporated","St Louis","331","69","$85,700","3","2 (2 0)","1,529","0.2200","55","RMXP01"
"13061196","S","12/20/2013","RESI","4135 Malus Dr","Unincorporated","St Louis","331","15","$86,150","3","2 (1 1)","936","","59","RLXG01"
"13041891","S","10/11/2013","RESI","335 Tacoma Dr","Unincorporated","St Louis","331","43","$90,900","2","1 (1 0)","824","0.1650","81","RLGR01"
"12038800","S","11/05/2013","RESI","660 Rochester Dr","Unincorporated","St Louis","331","452","$92,000","2","1 (1 0)","1,220","0.1300","72","EXSL01"
"13032579","S","12/20/2013","RESI","506 Bellsworth","Unincorporated","St Louis","331","72","$92,500","2","1 (1 0)","900","0.1150","79","LKW 01"
"13047845","S","10/07/2013","RESI","143 West Marseille","Unincorporated","St Louis","331","3","$92,900","2","2 (2 0)","925","0.1620","51","KWRC01"
"13042846","S","12/18/2013","RESI","3908 Manorwood Dr","Unincorporated","St Louis","331","51","$93,100","3","2 (2 0)","1,079","0.1870","55","DERP01"
"13048034","S","12/20/2013","RESI","3115 Lin Tel","Unincorporated","St Louis","331","56","$93,500","3","2 (2 0)","1,134","0.2230","54","RMBC03"
"13046124","S","12/16/2013","RESI","219 Rouen Dr","Unincorporated","St Louis","331","101","$94,000","2","2 (2 0)","864","0.1740","59","CBPR02"
"13024238","S","10/18/2013","RESI","4659 Mattis","Unincorporated","St Louis","331","111","$94,000","3","2 (2 0)","1,332","0.2460","48","CBG 49"
"13041342","S","10/25/2013","RESI","1237 Darding Dr","Unincorporated","St Louis","331","66","$95,000","3","2 (1 1)","1,118","0.1830","62","ALXD01"
"13059194","S","12/20/2013","RESI","3738 Calef Dr","Unincorporated","St Louis","331","44","$96,000","3","1 (1 0)","","0.1700","56","BBND01"
"12051364","S","10/01/2013","RESI","2775 Clager Rd","Unincorporated","St Louis","331","356","$96,000","3","1 (1 0)","1,431","0.4700","70","CBG 14"
"13063574","S","12/09/2013","RESI","5024 Ambs Rd","Unincorporated","St Louis","331","19","$100,000","2","2 (2 0)","1,410","0.6200","66","EXSL01"
"13049923","S","10/07/2013","RESI","3633 Cordes Dr","Unincorporated","St Louis","331","0","$100,000","1","1 (1 0)","1,456","0.1860","57","WBRS01"
"13040558","S","12/19/2013","RESI","1108 Rainbow Dr","Unincorporated","St Louis","331","120","$103,000","2","1 (1 0)","","0.1340","57","CBG 14"
"13058942","S","12/02/2013","RESI","3604 Union","Unincorporated","St Louis","331","212","$104,000","3","2 (2 0)","1,194","0.9000","50","RDKY02"
"13045132","S","11/14/2013","RESI","1005 Mary Candace Lane","Unincorporated","St Louis","331","63","$105,000","3","3 (1 2)","1,392","0.2210","48","REOX01"
"13049142","S","11/26/2013","RESI","722 Peace Haven Ct","Unincorporated","St Louis","331","53","$107,000","2","1 (1 0)","1,116","0.2990","55","CBG 07"
"13056451","S","11/08/2013","RESI","3921 Sunrise Way Dr","Unincorporated","St Louis","331","4","$108,000","4","3 (3 0)","1,276","0.1740","54","SLEC01"
"13053000","S","11/15/2013","RESI","2782 Sedan","Unincorporated","St Louis","331","56","$110,000","2","2 (2 0)","864","0.5460","60","RMXR02"
"13043820","S","10/11/2013","RESI","4349 Kym","Unincorporated","St Louis","331","70","$110,000","3","2 (1 1)","1,044","0.2320","57","RMXR03"
"13038490","S","10/15/2013","RESI","3091 Mel Nor","Unincorporated","St Louis","331","102","$110,000","2","2 (1 1)","1,120","0.2410","58","PMIR02"
"13041664","S","10/08/2013","RESI","824 Walden Dr","Unincorporated","St Louis","331","30","$112,000","3","2 (2 0)","1,387","0.1900","54","RMXR05"
"13043995","S","10/18/2013","RESI","9510 Jackhurst Lane","Unincorporated","Mehlville","331","74","$116,000","2","2 (2 0)","940","0.1760","60","MADA01"
"13055172","S","11/22/2013","RESI","1123 Buckley Road","Unincorporated","St Louis","331","69","$116,500","3","2 (1 1)","1,170","0.2400","62","BRID01"
"13051187","S","11/27/2013","RESI","110 Kearney","Unincorporated","St Louis","331","200","$118,000","3","3 (3 0)","1,005","0.0800","25","CBPR01"
"13047131","S","12/30/2013","RESI","3336 Briarcourt Dr","Unincorporated","St Louis","331","122","$119,900","2","2 (2 0)","888","0.1510","61","AMRG01"
"13061050","S","12/23/2013","RESI","773 Creekwood Manor Ct","Unincorporated","St Louis","331","23","$120,000","3","2 (2 0)","1,074","0.2070","40","CBG 06"
"13048138","S","10/30/2013","RESI","1111 Buckley Rd","Unincorporated","St Louis","331","36","$120,000","3","2 (1 1)","1,614","0.4220","59","PAPN01"
"13059680","S","11/27/2013","RESI","2941 Lourdes Dr","Unincorporated","Unincorporated","331","13","$124,900","3","3 (2 1)","1,220","0.2280","60","KEND01"
"13037529","S","11/01/2013","RESI","1458 Friar Tuck","Unincorporated","St Louis","331","116","$124,900","3","2 (2 0)","","0.1380","46","EXSL01"
"13061548","S","12/20/2013","RESI","1244 Hawkstone","Unincorporated","St Louis","331","46","$125,000","3","2 (2 0)","1,344","0.1720","49","INFP01"
"13033471","S","11/07/2013","RESI","4104 Pasco Dr","Unincorporated","St Louis","331","40","$125,000","3","2 (1 1)","925","0.2070","51","SLEC01"
"13038677","S","10/04/2013","RESI","1035 Victory Dr","Unincorporated","St Louis","331","84","$127,000","3","2 (1 1)","1,064","0.1740","50","CBPR01"
"13038388","S","10/24/2013","RESI","4431 Welford Dr","Unincorporated","St Louis","331","108","$127,400","2","1 (1 0)","1,020","0.2070","53","CBG 14"
"13031558","S","11/05/2013","RESI","3139 Lin Tel","Unincorporated","St Louis","331","151","$127,500","3","2 (1 1)","1,176","0.2000","59","RMXR03"
"13054495","S","12/12/2013","RESI","4074 Marseille Dr","Unincorporated","St Louis","331","6","$129,000","3","2 (2 0)","","0.1500","47","DPEV01"
"13037754","S","10/25/2013","RESI","545 Lind","Unincorporated","St Louis","331","66","$129,500","3","1 (1 0)","925","","57","CBG 07"
"13060332","S","12/20/2013","RESI","4703 Brunston","Unincorporated","St Louis","331","5","$130,000","3","2 (2 0)","1,906","0.3300","49","BRID01"
"13046293","S","10/11/2013","RESI","660 Lind","Unincorporated","St Louis","331","29","$130,000","3","2 (2 0)","","0.2030","47","SLEC07"
"13041244","S","11/15/2013","RESI","753 Dace","Unincorporated","St Louis","331","104","$132,000","3","3 (1 2)","1,200","0.2010","60","KWSW01"
"13049674","S","11/07/2013","RESI","401 Rockview Dr","Unincorporated","St Louis","331","65","$133,000","3","2 (1 1)","988","0.2000","52","EDGE01"
"13049054","S","11/07/2013","RESI","1050 Camelot Gardens Dr","Unincorporated","St Louis","331","56","$135,000","3","3 (2 1)","1,348","0.2060","50","RMAT01"
"13055849","S","12/20/2013","RESI","3954 Rodapa Dr","Unincorporated","St Louis","331","61","$138,000","3","2 (1 1)","1,075","0.2800","47","AMRH01"
"13037413","S","10/18/2013","RESI","2413 Burbeck","Unincorporated","St Louis","331","35","$138,000","3","2 (1 1)","1,014","0.1670","54","CBG 11"
"13056528","S","11/27/2013","RESI","2243 Rosegarden","Unincorporated","St Louis","331","50","$140,000","3","2 (1 1)","1,615","0.1930","53","EXSL01"
"13047252","S","10/07/2013","RESI","601 Claypool Dr","Unincorporated","St Louis","331","48","$140,000","3","2 (2 0)","1,186","0.2200","51","CBG 18"
"13050108","S","10/31/2013","RESI","3926 Sunrise Way","Unincorporated","St Louis","331","4","$142,500","3","3 (3 0)","1,305","0.1740","55","CBG 07"
"13057518","S","12/09/2013","RESI","4565 Towne Centre Dr","Unincorporated","St Louis","331","14","$145,000","3","3 (2 1)","1,894","0.1950","49","CBG 07"
"13049680","S","10/24/2013","RESI","710 Hidden Acres","Unincorporated","St Louis","331","6","$145,000","3","3 (2 1)","1,557","0.1940","40","CBG 07"
"13033572","S","10/04/2013","RESI","6206 Stratford Glen Ct","Unincorporated","St Louis","331","51","$145,000","3","3 (3 0)","1,508","0.1700","31","DERP01"
"13040659","S","10/11/2013","RESI","236 Golden Valley","Unincorporated","St Louis","331","46","$145,500","4","2 (2 0)","1,869","0.2150","38","MADA01"
"13037239","S","11/15/2013","RESI","4132 Ricewood Dr","Unincorporated","St Louis","331","115","$147,000","3","2 (2 0)","1,025","0.2240","55","CBG 18"
"13054873","S","11/14/2013","RESI","1216 Victory","Unincorporated","St Louis","331","44","$147,500","3","2 (1 1)","1,216","0.1790","50","KWSW01"
"13049166","S","10/15/2013","RESI","5463 Morningdale Place","Unincorporated","St Louis","331","17","$148,000","3","3 (2 1)","1,029","0.3500","51","PRUA02"
"13054685","S","12/04/2013","RESI","6043 Grand Marnier Dr","Unincorporated","St Louis","331","51","$149,900","3","3 (2 1)","1,420","0.2100","35","KWSW01"
"13046765","S","12/20/2013","RESI","5568 Greenton","Unincorporated","St Louis","331","99","$150,000","3","2 (2 0)","1,120","","47","RLXG01"
"13057413","S","11/25/2013","RESI","326 Rockview","Unincorporated","St Louis","331","42","$152,000","3","2 (2 0)","988","0.1770","52","EXSL01"
"13036097","S","11/15/2013","RESI","4775 Kerth Dr","Unincorporated","St Louis","331","124","$152,000","3","3 (2 1)","","0.2010","46","PRRS01"
"13050015","S","11/07/2013","RESI","874 Wycliffe Ct","Unincorporated","St Louis","331","63","$154,900","3","3 (2 1)","1,319","0.2040","53","POWR"
"13044064","S","10/01/2013","RESI","5568 Windford Dr","Unincorporated","St Louis","331","30","$160,000","3","2 (2 0)","1,603","0.2570","40","PRUA05"
"13042724","S","10/17/2013","RESI","2538 Rosegarden","Unincorporated","St Louis","331","59","$160,000","2","2 (2 0)","1,350","0.1900","70","CBG 29"
"13054334","S","11/14/2013","RESI","6207 Patchin Cir","Unincorporated","St Louis","331","14","$162,500","3","3 (2 1)","1,148","0.2190","42","MADA01"
"13041548","S","10/14/2013","RESI","9647 Chamblin Dr","Unincorporated","St Louis","331","82","$165,000","4","3 (3 0)","","0.1400","28","WBRS01"
"13032825","S","10/04/2013","RESI","9632 Chamblin Dr","Unincorporated","St Louis","331","53","$165,000","4","3 (2 1)","2,558","0.2300","28","AMRG01"
"13041805","S","12/16/2013","RESI","5604 Greenton Way","Unincorporated","St Louis","331","131","$169,000","4","3 (2 1)","0","0.3100","47","CBG 07"
"13046355","S","10/15/2013","RESI","4317 Dan Ct","Unincorporated","St Louis","331","22","$171,000","4","3 (2 1)","1,864","0.2140","56","LAUP01"
"13028206","S","11/07/2013","RESI","4884 Towne South Rd","Unincorporated","St Louis","331","144","$172,000","3","3 (3 0)","","0.2530","54","WBRS01"
"13025357","S","10/04/2013","RESI","5016 Bellarina Ct","Unincorporated","St Louis","331","276","$172,000","3","2 (2 0)","1,333","0.4800","63","CBG 14"
"13040371","S","11/15/2013","RESI","6114 Sunnymeadow Ct","Unincorporated","St Louis","331","64","$173,000","3","3 (3 0)","1,381","0.1980","29","CBG 07"
"13051565","S","10/28/2013","RESI","4510 Ashfield Dr","Unincorporated","St Louis","331","46","$174,000","4","3 (3 0)","1,153","0.1800","43","BBND01"
"13006014","S","11/15/2013","RESI","6109 Clovergreen Place","Unincorporated","St Louis","331","240","$174,500","3","3 (2 1)","1,281","0.1800","32","CBG 07"
"13047129","S","10/17/2013","RESI","6512 Suson Woods","Unincorporated","St Louis","331","49","$175,000","3","2 (2 0)","1,541","0.1750","38","CODY01"
"13062172","S","12/18/2013","RESI","514 Buckley Rd","Unincorporated","St Louis","331","13","$180,000","2","1 (1 0)","2,394","1.0340","70","CBG 14"
"13035285","S","10/04/2013","RESI","6011 Grand Marnier","Unincorporated","St Louis","331","27","$185,000","3","2 (2 0)","1,422","0.3300","34","CJJO01"
"13047299","S","10/03/2013","RESI","4586 Towne Centre","Unincorporated","St Louis","331","2","$187,500","4","3 (2 1)","1,767","0.2980","51","MANR"
"13049597","S","11/05/2013","RESI","3 Acorn","Unincorporated","St Louis","331","3","$190,000","2","1 (1 0)","852","3.0000","71","EXSL01"
"13044729","S","10/04/2013","RESI","6023 Grand Marnier","Unincorporated","St Louis","331","9","$190,000","3","2 (2 0)","1,404","0.2300","39","CJJO01"
"13041935","S","11/08/2013","RESI","5714 Karamar","Unincorporated","St Louis","331","88","$190,000","3","2 (2 0)","1,620","0.2320","44","CBG 07"
"13041916","S","11/20/2013","RESI","11002 Kohrs","Green Park","St Louis","331","78","$190,000","3","3 (2 1)","1,418","0.1800","25","RMXR02"
"13033826","S","10/28/2013","RESI","10026 Grant Meadow","Unincorporated","St Louis","331","105","$204,000","3","3 (3 0)","1,460","0.1900","25","SLEC07"
"13034592","S","12/12/2013","RESI","606 Windsor Hill Dr","Unincorporated","St Louis","331","128","$210,000","4","3 (2 1)","2,305","0.1980","27","CBG 14"
"13045538","S","12/19/2013","RESI","4743 Music Lane","Unincorporated","St Louis","331","94","$215,000","4","3 (2 1)","2,881","0.2400","30","WREA01"
"13046690","S","10/18/2013","RESI","4122 Saddle Back Ct","Unincorporated","St Louis","331","60","$216,400","4","3 (3 0)","1,869","0.2600","38","KWSW01"
"13061224","S","12/06/2013","RESI","11024 Cedarberry Place","Green Park","St Louis","331","3","$219,924","4","3 (2 1)","2,184","0.1700","19","EXSL01"
"13057502","S","12/13/2013","RESI","5173 Bryncastle Place","Unincorporated","St Louis","331","31","$220,000","3","3 (2 1)","1,859","0.2620","46","PRUA14"
"13045152","S","11/26/2013","RESI","4909 Brass Rail Dr","Unincorporated","St Louis","331","71","$235,000","4","3 (2 1)","2,230","0.2000","32","KWSW01"
"13034262","S","10/09/2013","RESI","4100 Reavis Barracks Rd","Unincorporated","Unincorporated","331","113","$235,000","3","3 (2 1)","2,193","0.9300","85","RDKY02"
"13059524","S","12/02/2013","RESI","4929 Lowndes","Unincorporated","St Louis","331","3","$240,000","4","3 (2 1)","2,398","0.2000","32","EXSL01"
"13045461","S","11/15/2013","RESI","5507 Summerland","Unincorporated","St Louis","331","59","$241,000","3","3 (3 0)","2,306","0.2300","14","BRSR01"
"13039663","S","10/09/2013","RESI","9837 Affton View","Unincorporated","St Louis","331","79","$245,000","4","3 (3 0)","2,081","0.1700","27","SUMM"
"13047436","S","11/20/2013","RESI","13621 Tesson Oaks Ct","Unincorporated","St Louis","331","48","$250,000","3","3 (3 0)","","0.2000","24","SLEC01"
"13010563","S","12/06/2013","RESI","5330 Hagemann Crossing Dr","Unincorporated","St Louis","331","243","$252,000","3","4 (4 0)","2,078","0.2400","26","KWSW01"
"13049553","S","10/15/2013","RESI","4301 Forder Terrace","Unincorporated","St Louis","331","169","$260,000","3","3 (3 0)","2,279","0.3800","89","CBG 07"
"13045627","S","11/15/2013","RESI","4946 Southridge Park Dr","Unincorporated","St Louis","331","85","$260,000","4","3 (2 1)","3,099","0.2700","31","MADA01"
"13048977","S","11/06/2013","RESI","5355 Hamlin Ct","Unincorporated","St Louis","331","14","$265,000","4","4 (2 2)","2,476","0.2280","38","CBG 14"
"13050825","S","11/05/2013","RESI","13229 Shady Green","Unincorporated","St Louis","331","7","$275,000","4","3 (2 1)","2,540","0.2400","22","CBG 07"
"13060134","S","12/09/2013","RESI","7007 Invitational Drive","Unincorporated","St Louis","331","58","$280,500","4","4 (2 2)","2,864","0.3000","25","AMRH01"
"13065863","S","12/31/2013","RESI","5355 Hagemann Crossing Dr","Unincorporated","St Louis","331","3","$285,000","4","3 (2 1)","2,694","0.2300","31","CBG 14"
"13042606","S","10/14/2013","RESI","9855 Tiffany Square","Unincorporated","St Louis","331","75","$286,000","4","4 (3 1)","","0.1900","26","MADA01"
"13050517","S","10/08/2013","RESI","4935 Southridge Park Dr","Unincorporated","St Louis","331","196","$289,000","4","3 (2 1)","3,131","0.3500","30","CBG 14"
"13042913","S","12/06/2013","RESI","13356 Bahnfyre Dr","Unincorporated","St Louis","331","79","$302,000","4","4 (3 1)","2,856","0.3200","29","EXSL01"
"13045549","S","10/24/2013","RESI","5353 Timberline Place","Unincorporated","St Louis","331","7","$305,000","4","3 (2 1)","2,947","0.1800","14","CBG 07"
"12059212","S","10/28/2013","RESI","5233 Hollow Wood Ct","Unincorporated","Mehlville","331","365","$306,195","3","2 (2 0)","1,700","","0","RMXN01"
"13034502","S","12/06/2013","RESI","5560 Butler Hill Rd","Unincorporated","St Louis","331","129","$318,000","3","4 (3 1)","2,779","1.7800","29","KWSW01"
"13054662","S","12/20/2013","RESI","10420 Jade Forest Dr","Unincorporated","Unincorporated","331","86","$320,000","4","4 (3 1)","3,068","0.2100","27","RDKY02"
"13032531","S","10/24/2013","RESI","5129 Kerth Rd","Unincorporated","St Louis","331","133","$404,000","4","4 (3 1)","3,602","1.1300","17","EXSL01"
"13046853","S","12/13/2013","RESI","5087 Bryncastle Place","Unincorporated","St Louis","331","120","$415,000","4","5 (3 2)","2,732","0.3800","28","KWRC01"
"13049573","S","12/05/2013","RESI","3144 Sunrise Lane","Unincorporated","St Louis","331","79","$725,000","5","6 (5 1)","4,545","1.4000","21","EXSL01"
"12032474","S","10/10/2013","RESI","5637 Heintz Rd","Unincorporated","St Louis","332","460","$88,500","3","2 (2 0)","1,470","0.4600","67","CBG 14"
"13016424","S","11/27/2013","RESI","4523 Ferrer Dr","Unincorporated","St Louis","332","176","$100,100","3","2 (1 1)","1,702","0.1700","52","CBG 09"
"13025790","S","11/06/2013","RESI","3033 Nettie Dr","Unincorporated","St Louis","332","143","$115,000","3","1 (1 0)","912","0.6500","58","SLEC07"
"13006140","S","12/13/2013","RESI","6822 Burkemo","Unincorporated","Oakville","332","302","$127,500","3","2 (2 0)","1,361","0.2980","54","RMXN01"
"13046345","S","10/15/2013","RESI","6937 Birdie Lane","Unincorporated","Oakville","332","16","$131,500","4","3 (2 1)","2,417","0.2700","48","REGO01"
"13054904","S","11/14/2013","RESI","701 Norcrest","Unincorporated","St Louis","332","97","$141,000","2","2 (2 0)","915","0.2200","50","CJMS01"
"13042718","S","11/12/2013","RESI","339 Burncoate Dr","Unincorporated","St Louis","332","77","$147,500","3","2 (2 0)","","0.1700","53","EXSL01"
"13041535","S","12/20/2013","RESI","2710 Ashrock","Unincorporated","St Louis","332","121","$148,450","3","2 (1 1)","1,148","0.1770","40","EXSL01"
"13052571","S","11/08/2013","RESI","4508 Niagara Dr","Unincorporated","St Louis","332","15","$148,600","3","2 (1 1)","","0.1950","54","EXSL01"
"13053071","S","10/23/2013","RESI","2815 Cathedral","Unincorporated","St Louis","332","7","$153,000","2","2 (2 0)","1,282","0.2010","45","CBG 07"
"13063299","S","12/27/2013","RESI","2311 Cavendish Lane","Unincorporated","St Louis","332","1","$154,900","3","3 (3 0)","1,459","0.2040","42","CBG 14"
"13043563","S","11/27/2013","RESI","2212 England Town","Unincorporated","St Louis","332","77","$154,900","3","1 (1 0)","962","0.1760","42","EXSL01"
"13048515","S","10/16/2013","RESI","2807 Flintwood Dr","Unincorporated","Mehlville","332","41","$155,800","3","4 (2 2)","1,942","0.2300","53","PRUA02"
"13048774","S","10/18/2013","RESI","5656 Sky Hill","Unincorporated","St Louis","332","18","$156,500","3","2 (2 0)","","0.1770","40","CBG 07"
"13053630","S","10/25/2013","RESI","3038 Blue Mountain Dr","Unincorporated","St Louis","332","35","$169,000","3","3 (2 1)","1,629","0.2240","38","CBG 32"
"13051360","S","10/18/2013","RESI","2639 Vortex Dr","Unincorporated","Oakville","332","36","$169,900","3","2 (2 0)","1,171","0.2150","46","CBPR01"
"13050747","S","12/04/2013","RESI","3024 Caprock Court","Unincorporated","Oakville","332","86","$170,000","3","2 (2 0)","1,245","","30","DROV01"
"13049861","S","10/28/2013","RESI","7015 Christopher Dr","Unincorporated","Oakville","332","225","$170,000","3","2 (2 0)","1,355","0.3800","72","GRCA01"
"13053523","S","11/15/2013","RESI","2811 Springridge Dr","Unincorporated","St Louis","332","4","$175,000","4","4 (2 2)","1,947","0.2470","50","WBRS01"
"13034353","S","10/10/2013","RESI","2621 Nahn Dr","Unincorporated","St Louis","332","113","$175,000","3","3 (3 0)","1,740","0.5270","47","CBPR02"
"13040645","S","11/19/2013","RESI","3011 Oakvilla Manor Ct","Unincorporated","St Louis","332","99","$175,500","4","3 (2 1)","2,373","0.2230","39","SLEC07"
"13028759","S","10/30/2013","RESI","2643 Lido Lane","Unincorporated","St Louis","332","133","$176,900","3","3 (3 0)","1,562","0.2760","44","HRLG01"
"13057572","S","12/03/2013","RESI","6309 Highland Estates","Unincorporated","St Louis","332","297","$178,000","5","4 (3 1)","2,480","0.2300","32","REGO01"
"13050333","S","11/08/2013","RESI","5310 Vortex Dr","Unincorporated","St Louis","332","24","$179,500","3","2 (2 0)","1,171","0.2500","43","RLGR01"
"13059620","S","12/30/2013","RESI","6924 Birdie Lane","Unincorporated","St Louis","332","39","$180,000","4","3 (2 1)","2,196","0.2940","53","PRUA14"
"13038431","S","12/23/2013","RESI","2835 Newbridge","Unincorporated","St Louis","332","440","$180,000","4","3 (2 1)","2,140","","39","CBG 07"
"13010829","S","10/21/2013","RESI","2542 Schnell Dr","Unincorporated","St Louis","332","216","$183,000","3","4 (3 1)","1,884","0.2320","39","REGO01"
"13033469","S","10/18/2013","RESI","5524 Chauveau Dr","Unincorporated","St Louis","332","53","$188,000","4","3 (2 1)","2,504","0.3200","14","REOX01"
"13054180","S","10/24/2013","RESI","2512 Cardinal Creek Ct","Unincorporated","St Louis","332","11","$207,000","4","3 (2 1)","2,333","0.2300","19","EXSL01"
"13040538","S","12/04/2013","RESI","2539 Charglow Dr","Unincorporated","St Louis","332","130","$207,000","3","3 (3 0)","2,211","0.2980","42","CBPR02"
"13041897","S","10/18/2013","RESI","5817 Cinnamon Tree","Unincorporated","St Louis","332","52","$208,000","4","4 (2 2)","2,084","0.4580","30","CBG 07"
"13064678","S","12/19/2013","RESI","5628 Briarwood Estates Dr","Unincorporated","St Louis","332","5","$209,500","3","3 (3 0)","1,621","0.1400","23","ADJS01"
"13022240","S","11/08/2013","RESI","2883 Foxfire","Unincorporated","St Louis","332","159","$210,000","3","3 (2 1)","1,878","0.2610","51","CBG 07"
"13057040","S","12/12/2013","RESI","4719 Wickerwood Dr","Unincorporated","Oakville","332","52","$217,000","3","3 (2 1)","1,781","0.2540","46","CBG 25"
"13037212","S","10/11/2013","RESI","3524 Summerlyn Dr","Unincorporated","St Louis","332","69","$220,000","4","3 (2 1)","2,470","0.1700","29","EXSL01"
"13057955","S","12/16/2013","RESI","6869 China Lake","Unincorporated","St Louis","332","28","$225,500","3","3 (2 1)","1,606","0.1700","33","SLEC07"
"13049817","S","10/29/2013","RESI","3543 Lost Meadow","Unincorporated","St Louis","332","57","$228,000","3","3 (2 1)","1,697","0.2680","35","RMXR02"
"13049973","S","12/30/2013","RESI","7300 Summer Manor","Unincorporated","St Louis","332","296","$228,400","5","4 (3 1)","2,371","0.2100","29","REGO01"
"13046534","S","11/22/2013","RESI","2948 Meramar Dr","Unincorporated","St Louis","332","77","$229,000","4","3 (2 1)","","0.2920","39","HOMR01"
"13052273","S","10/24/2013","RESI","2829 Championship Blvd","Unincorporated","St Louis","332","14","$235,000","3","2 (2 0)","2,214","0.2500","28","ANTR01"
"13041138","S","10/24/2013","RESI","2848 Oldewick Dr","Unincorporated","Oakville","332","67","$237,000","3","3 (2 1)","1,830","0.7200","50","RLGR01"
"13007076","S","10/19/2013","RESI","3201 Kingsridge Manor Dr","Unincorporated","St Louis","332","203","$237,000","4","3 (3 0)","2,711","0.1900","11","CBPR02"
"13050654","S","10/23/2013","RESI","3158 Olde Post Rd","Unincorporated","St Louis","332","36","$252,000","4","3 (2 1)","2,184","0.1900","32","XPRS01"
"13040981","S","10/30/2013","RESI","7659 Fine Oaks Place","Unincorporated","Oakville","332","244","$255,000","4","4 (2 2)","2,892","0.2500","27","RMXR04"
"13058295","S","11/18/2013","RESI","2478 Cripple Creek Dr","Unincorporated","St Louis","332","3","$259,000","4","3 (2 1)","2,551","0.4600","31","SLEC01"
"13045218","S","10/09/2013","RESI","3029 Marchbanks","Unincorporated","St Louis","332","33","$263,100","3","3 (3 0)","2,205","0.4900","29","CBG 07"
"13044818","S","11/22/2013","RESI","7013 Willow Stream Ct","Unincorporated","St Louis","332","62","$266,000","3","4 (3 1)","2,346","0.2700","32","RLGR01"
"13049260","S","12/06/2013","RESI","3186 Pin Oak Terrace","Unincorporated","St Louis","332","45","$270,000","3","2 (2 0)","1,855","0.3100","10","CBG 49"
"13051042","S","12/02/2013","RESI","728 Forder Crossing Ct","Unincorporated","Oakville","332","82","$273,000","3","2 (2 0)","1,982","0.2400","25","RMXR04"
"13043665","S","10/25/2013","RESI","2515 Christopher Oaks Ct","Unincorporated","St Louis","332","81","$276,500","3","3 (2 1)","2,038","0.2700","25","CBG 07"
"13037177","S","12/16/2013","RESI","7928 Silver Pine Dr","Unincorporated","St Louis","332","154","$284,000","4","3 (2 1)","3,000","0.2000","11","EXSL01"
"13037095","S","11/15/2013","RESI","705 Forder Crossing Ct","Unincorporated","St Louis","332","105","$290,000","4","3 (2 1)","2,839","0.2700","21","RMXR04"
"13031998","S","11/26/2013","RESI","6324 Bluff Forest Dr","Unincorporated","St Louis","332","156","$290,500","4","3 (2 1)","3,618","0.7100","26","OWAI01"
"13046855","S","11/25/2013","RESI","6829 Kimmswick Ct","Unincorporated","St Louis","332","89","$305,000","3","3 (2 1)","2,532","0.5600","28","EXSL01"
"13060557","S","11/27/2013","RESI","3031 Cambridge Pointe Dr","Unincorporated","Oakville","332","49","$315,000","5","4 (3 1)","2,906","0.2400","20","PRUA05"
"13039853","S","10/24/2013","RESI","2772 Denacre","Unincorporated","St Louis","332","100","$358,500","4","3 (3 0)","2,066","0.3500","16","CBG 07"
"13015601","S","11/22/2013","RESI","5234 Hollow Wood Ct","Unincorporated","Oakville","332","252","$372,148","3","2 (2 0)","1,750","0.1800","","RMXN01"
"13058626","S","12/03/2013","RESI","213 Bluff View Cir","Unincorporated","St Louis","332","20","$375,650","3","2 (2 0)","2,841","0.2600","14","EXSL01"
"13052293","S","11/26/2013","RESI","5010 Southridge Park Dr","Unincorporated","St Louis","332","21","$380,000","3","4 (3 1)","2,515","0.2700","24","SLEC01"
"13055103","S","12/30/2013","RESI","6696 Winding Creek Way","Unincorporated","St Louis","332","84","$386,000","4","4 (3 1)","3,948","0.3800","12","CBPR02"
"13054023","S","11/23/2013","RESI","6513 Crescent View","Unincorporated","Oakville","332","62","$429,900","4","5 (4 1)","3,896","0.3100","14","MCFE01"
"13056959","S","11/25/2013","RESI","7226 Stone Pointe Ct","Unincorporated","St Louis","332","47","$470,000","4","4 (3 1)","3,166","0.4400","12","RMXR02"
"12066675","S","10/25/2013","RESI","338 Greycliff Bluff Dr","Unincorporated","St Louis","332","304","$480,000","4","4 (3 1)","4,508","0.2900","14","EXSL01"
"13052387","S","11/07/2013","RESI","93 Edward","Eureka","Eureka","346","43","$79,500","4","3 (2 1)","1,600","7501.0000","44","LNDM01"
"13059631","S","12/17/2013","RESI","500 Williams Dr","Eureka","Eureka","346","118","$81,638","2","2 (2 0)","1,030","0.3210","45","REGO04"
"13048032","S","10/01/2013","RESI","6 Fawn Meadows","Eureka","Eureka","346","38","$105,000","4","1 (1 0)","1,293","","41","PMIR02"
"13061369","S","11/25/2013","RESI","605 Forest Run Dr","Eureka","Eureka","346","6","$107,500","3","2 (2 0)","1,052","0.2760","42","PMIR02"
"13058293","S","11/14/2013","RESI","412 Williams Dr","Eureka","Eureka","346","22","$117,000","3","2 (2 0)","1,205","0.3200","46","RMTC01"
"13063961","S","12/30/2013","RESI","35 Fawn Meadows Dr","Eureka","Eureka","346","7","$118,500","3","3 (2 1)","1,558","0.1880","42","HSEP01"
"13003470","S","12/13/2013","RESI","618 Wengler Rd","Eureka","Pacific","346","269","$137,000","2","1 (1 0)","","5.0800","158","EXSL01"
"13050915","S","10/31/2013","RESI","112 Elk Run Dr","Eureka","Eureka","346","0","$140,000","3","2 (2 0)","1,514","0.1810","40","DHAA01"
"13053447","S","11/18/2013","RESI","16117 Castlerea Blvd","Ellisville","Ellisville","346","20","$145,000","3","2 (2 0)","1,452","0.1900","29","RMXR04"
"13020585","S","10/29/2013","RESI","16215 Castlerea Blvd","Ellisville","Ellisville","346","53","$158,699","4","4 (2 2)","1,956","0.1800","29","DERP01"
"13060213","S","12/13/2013","RESI","186 Walden","Eureka","Eureka","346","42","$165,000","3","3 (3 0)","1,264","0.2340","35","CBPR01"
"13053062","S","12/11/2013","RESI","17030 Redwood Glen Dr","Eureka","Eureka","346","68","$186,500","4","3 (2 1)","1,990","0.1700","27","PMIR02"
"13056578","S","11/20/2013","RESI","152 Hunters Green","Eureka","Eureka","346","12","$194,000","4","3 (3 0)","0","0.1800","19","SLEC03"
"13058786","S","11/26/2013","RESI","160 Tartan Green Blvd","Ellisville","Ellisville","346","39","$202,000","3","3 (3 0)","1,416","0.3400","29","MORE01"
"13059211","S","12/16/2013","RESI","759 Vista Glen Ct","Eureka","Eureka","346","10","$210,151","4","3 (2 1)","2,372","0.1600","22","ONES01"
"13059013","S","12/20/2013","RESI","512 Forest Run","Eureka","Eureka","346","52","$217,000","4","2 (2 0)","1,723","0.2960","41","RMTC01"
"13054551","S","11/08/2013","RESI","1638 Grace View","Eureka","Eureka","346","6","$221,000","3","2 (2 0)","1,756","0.1970","9","CBG 03"
"13059997","S","12/27/2013","RESI","17427 Thunder Valley","Wildwood","Eureka","346","54","$222,000","3","2 (2 0)","","3.4500","25","PMIR02"
"13059247","S","12/06/2013","RESI","109 Bonnybridge Ct","Ellisville","Ellisville","346","37","$224,750","4","3 (2 1)","1,989","0.2300","28","RDKY02"
"13032480","S","11/18/2013","RESI","431 Hillington Dr","Eureka","Eureka","346","100","$229,000","3","3 (2 1)","2,483","0.1900","","PRUA05"
"13037178","S","10/03/2013","RESI","17257 Hilltop Ridge Dr","Eureka","Eureka","346","84","$231,500","4","4 (3 1)","2,168","0.2400","21","PRUA14"
"13040679","S","11/25/2013","RESI","16006 Nantucket Pointe Ct","Wildwood","Grover","346","128","$235,000","3","4 (3 1)","2,295","0.2600","26","EQTY01"
"13051485","S","11/15/2013","RESI","17246 Hilltop Ridge Dr","Eureka","Eureka","346","18","$236,000","4","3 (3 0)","1,516","0.2900","21","CBG 03"
"13042735","S","10/17/2013","RESI","16075 Nantucket Island","Wildwood","Grover","346","62","$241,900","4","3 (2 1)","2,157","0.2100","25","RMXS01"
"13052980","S","11/26/2013","RESI","16118 Port Of Nantucket Dr","Wildwood","Wildwood","346","29","$244,700","4","3 (2 1)","1,884","0.2200","26","LMRK01"
"13037290","S","10/21/2013","RESI","463 Mission Bay Dr","Wildwood","Wildwood","346","110","$251,500","4","3 (2 1)","2,186","0.2300","26","EDGE01"
"13055861","S","11/14/2013","RESI","853 Ashton Way","Eureka","Eureka","346","41","$254,900","4","3 (2 1)","2,672","0.2330","8","RMXS01"
"13045959","S","10/15/2013","RESI","16155 Port Of Nantucket Dr","Wildwood","Wildwood","346","63","$255,000","4","4 (3 1)","1,825","0.1900","24","PRUA05"
"13032420","S","10/28/2013","RESI","802 Meramec View Ct","Eureka","Eureka","346","79","$255,000","3","3 (2 1)","3,333","0.3200","18","CHES01"
"13045451","S","11/22/2013","RESI","17428 Hilltop Ridge","Eureka","Eureka","346","65","$257,500","4","3 (2 1)","2,677","0.2100","22","CBG 11"
"13050876","S","10/11/2013","RESI","746 Ashton Way Cir","Eureka","Eureka","346","4","$260,000","4","3 (2 1)","2,320","0.2170","10","RMXG01"
"13050742","S","10/04/2013","RESI","4576 Emerald View Ct","Eureka","Eureka","346","30","$269,900","4","3 (2 1)","3,250","0.2600","18","RMTC01"
"13053205","S","10/30/2013","RESI","114 Watercrest Ct","Wildwood","Wildwood","346","28","$270,500","3","2 (2 0)","2,403","0.2200","31","PRUA05"
"13050480","S","12/06/2013","RESI","4 Saint Thomas Isle","Wildwood","Grover","346","68","$275,000","3","2 (2 0)","2,058","0.3000","28","PSRC01"
"13034078","S","11/29/2013","RESI","2598 Grover Ridge Dr","Wildwood","Wildwood","346","153","$275,000","4","4 (2 2)","2,314","0.2000","16","CBPR03"
"13050491","S","11/08/2013","RESI","17206 Hilltop Ridge Dr","Eureka","Eureka","346","28","$282,500","4","4 (3 1)","2,667","0.2200","23","CBG 32"
"13049712","S","10/11/2013","RESI","842 Emerald Oaks","Eureka","Eureka","346","36","$285,000","4","3 (3 0)","1,744","0.2800","19","ROUT01"
"13043477","S","12/04/2013","RESI","326 Palisades Ridge Ct","Eureka","Eureka","346","159","$285,000","5","3 (3 0)","","0.2200","14","CBG 24"
"13037961","S","12/10/2013","RESI","16113 Copper Ridge Ct","Wildwood","Wildwood","346","145","$285,000","4","3 (2 1)","2,290","0.2700","26","PRAD01"
"13015711","S","10/11/2013","RESI","4540 Emerald View Ct","Eureka","Eureka","346","145","$285,000","4","5 (3 2)","3,342","0.2800","21","SLEC03"
"13028320","S","10/18/2013","RESI","810 Emerald Oaks Ct","Eureka","Eureka","346","86","$289,500","4","3 (2 1)","2,614","0.2580","20","URLT01"
"13050343","S","10/10/2013","RESI","577 Nantucket Pointe","Wildwood","Wildwood","346","27","$298,500","3","3 (2 1)","2,026","0.2100","20","SLEC03"
"13047439","S","10/18/2013","RESI","738 Southern Hills","Eureka","Eureka","346","58","$299,900","4","3 (2 1)","2,535","0.4800","20","DOLN01"
"13049443","S","10/29/2013","RESI","16365 Cherry Orchard Dr","Wildwood","Wildwood","346","38","$306,500","4","4 (3 1)","2,188","0.2040","23","PRUA05"
"13028823","S","10/30/2013","RESI","2844 Westridge Oaks Ct","Wildwood","Wildwood","346","129","$308,000","3","3 (3 0)","2,626","0.3300","21","CBG 32"
"13053406","S","10/11/2013","RESI","315 Grand Isle Ct","Wildwood","Wildwood","346","13","$309,000","4","3 (2 1)","2,705","0.2500","30","CBG 11"
"13060236","S","12/16/2013","RESI","550 Fairway Oaks Dr","Eureka","Eureka","346","47","$313,000","3","3 (3 0)","","","22","RMTC01"
"13064121","S","12/23/2013","RESI","52 Autumn Way Ct","Eureka","Eureka","346","0","$313,559","2","2 (2 0)","2,000","","0","WHLN01"
"13031785","S","10/23/2013","RESI","16282 Audubon Village Dr","Wildwood","Wildwood","346","101","$315,000","4","4 (3 1)","2,737","0.3000","26","CBG 32"
"13058606","S","11/25/2013","RESI","663 Legends View","Eureka","Eureka","346","10","$322,900","4","4 (2 2)","2,708","0.2100","17","CBG 32"
"13053330","S","12/17/2013","RESI","4739 Chateau Lane","Wildwood","Pacific","346","75","$325,000","3","3 (2 1)","2,382","11.4600","48","DOLN01"
"13053723","S","11/07/2013","RESI","706 Thorntree Lane","Eureka","Eureka","346","12","$325,500","3","3 (2 1)","2,740","0.4100","21","RMXP01"
"13051794","S","11/22/2013","RESI","16314 Gulf Winds Ct","Wildwood","Wildwood","346","44","$327,000","4","3 (2 1)","2,456","0.3800","25","CBG 32"
"13038008","S","12/06/2013","RESI","1740 Wellington Woods Dr","Eureka","Eureka","346","134","$328,500","4","4 (3 1)","2,754","","0","PMIR02"
"13064108","S","12/04/2013","RESI","71 Autumn Way Ct","Eureka","Eureka","346","0","$335,680","3","3 (3 0)","2,000","","0","WHLN01"
"13055725","S","11/22/2013","RESI","709 Grand View Ridge Ct","Eureka","Eureka","346","23","$338,000","4","4 (3 1)","3,430","0.2500","18","CBG 32"
"13034576","S","12/06/2013","RESI","18312 Acorn Ridge Rd","Wildwood","Wildwood","346","117","$340,870","4","3 (2 1)","4,582","5.6900","105","SLEC09"
"13046537","S","12/12/2013","RESI","752 Grand View Ridge Ct","Eureka","Eureka","346","75","$350,000","5","4 (4 0)","","0.2540","20","RMTC01"
"13036292","S","10/04/2013","RESI","604 Westonridge Ct","Wildwood","Wildwood","346","74","$369,900","4","4 (3 1)","2,688","0.2900","20","CBG 11"
"13046864","S","12/02/2013","RESI","519 Eaglesridge Dr","Wildwood","Wildwood","346","51","$370,000","4","4 (3 1)","3,164","0.3100","21","CBG 32"
"13050901","S","10/31/2013","RESI","17417 Radcliffe Place Dr","Wildwood","Wildwood","346","43","$402,500","4","4 (3 1)","3,162","1.3600","25","PRUA05"
"13040723","S","10/04/2013","RESI","313 Copper Mountain Ct","Wildwood","Wildwood","346","35","$403,000","4","4 (3 1)","3,350","0.5700","17","PRUA05"
"13053909","S","12/02/2013","RESI","736 Pin High Ct","Eureka","Eureka","346","6","$408,000","5","4 (3 1)","2,732","0.3830","11","RMXG01"
"13049148","S","11/21/2013","RESI","610 Legends Bluffs Ct","Eureka","Eureka","346","67","$410,000","5","5 (4 1)","3,508","0.2800","16","RMTC01"
"13040710","S","10/03/2013","RESI","1012 Stone Spring Ct","Eureka","Eureka","346","57","$430,000","4","4 (3 1)","3,474","0.4600","15","CBG 32"
"10054581","S","10/17/2013","RESI","161 Meadows Of Wildwood Blvd","Wildwood","Wildwood","346","973","$430,000","3","3 (3 0)","1,847","","12","MCFE01"
"13010405","S","10/04/2013","RESI"," 0 TBB Bordeaux Estates / Lot 14","","Wildwood","346","0","$435,000","2","2 (2 0)","1,979","","","KWRC01"
"13042798","S","10/10/2013","RESI","738 Lakeshore Manor Ct","Wildwood","Wildwood","346","56","$447,000","4","5 (3 2)","3,602","0.2500","19","KWRC01"
"13037051","S","10/21/2013","RESI","18318 Melrose Rd","Wildwood","Wildwood","346","59","$460,000","2","4 (3 1)","2,151","10.0500","33","CBG 49"
"12064052","S","12/30/2013","RESI","4026 Maryridge","Wildwood","Wildwood","346","361","$479,000","4","5 (4 1)","4,715","3.4000","20","RXSB01"
"13062592","S","12/13/2013","RESI","1315 Ridgetree Trails Ct","Wildwood","Ballwin","346","27","$499,900","3","5 (3 2)","3,296","1.6000","20","RXGT01"
"13004040","S","11/08/2013","RESI","5 Blackwolf Run Ct","Wildwood","Wildwood","346","271","$502,000","4","4 (3 1)","4,062","0.3700","12","KWRC01"
"13048306","S","12/12/2013","RESI","4990 Fox Bridge Rd","","Wildwood","346","103","$550,000","5","4 (2 2)","2,573","10.0000","29","SHAW"
"13067304","S","12/23/2013","RESI","1516 Windwood Hills Dr","Wildwood","Wildwood","346","150","$635,000","5","5 (4 1)","3,593","4.5200","11","CBPR01"
"12018535","S","10/14/2013","RESI","18 The Enclaves at Cherry Hills","","Wildwood","346","567","$685,000","4","3 (2 1)","3,800","0.5000","0","PRUA50"
"13065939","S","12/31/2013","RESI","17093 Sandalwood Creek","Wildwood","Glencoe","347","9","$92,000","2","2 (2 0)","1,404","0.1090","33","RMXR05"
"13050458","S","11/26/2013","RESI","1628 Highway 109","Wildwood","Wildwood","347","131","$120,000","2","1 (1 0)","1,160","1.9000","45","CBG 11"
"13045604","S","11/20/2013","RESI","1522 Froesel Dr","Ellisville","Ellisville","347","49","$128,000","3","3 (2 1)","1,528","0.4960","46","DPEV01"
"13036907","S","11/06/2013","RESI","92 Irene Dr","Ellisville","Ellisville","347","116","$132,000","3","1 (1 0)","","0.5510","65","RMXS01"
"13044986","S","12/02/2013","RESI","80 Irene","Ellisville","Ellisville","347","31","$138,000","3","2 (2 0)","960","0.5840","64","REED"
"13012239","S","11/13/2013","RESI","1331 Clarkson Dr","Ellisville","Ellisville","347","231","$141,087","4","2 (1 1)","1,446","0.4960","65","RMXS01"
"13049698","S","12/30/2013","RESI","2466 Maple Crossing Dr","Wildwood","Ballwin","347","84","$142,500","3","2 (2 0)","1,338","0.2210","34","RCHD01"
"13046863","S","11/01/2013","RESI","215 Hutchinson","Ellisville","Ellisville","347","54","$144,000","2","1 (1 0)","1,008","0.5010","62","KWRC01"
"13045640","S","10/18/2013","RESI","16056 Sandalwood Creek","Wildwood","Glencoe","347","51","$150,000","3","3 (2 1)","1,510","0.0800","24","GIAL01"
"13058455","S","12/05/2013","RESI","19029 Saint Albans","Wildwood","Glencoe","347","56","$165,000","3","2 (1 1)","1,025","2.3000","48","KWRC01"
"13049944","S","12/09/2013","RESI","2333 Winegarden","Wildwood","Ballwin","347","47","$172,900","3","2 (2 0)","1,516","0.2200","34","PRPT01"
"13048461","S","12/13/2013","RESI","1615 Idle Rock Farm Rd","Wildwood","Wildwood","347","91","$180,000","5","4 (2 2)","2,156","3.1900","49","CBPR03"
"13053009","S","10/16/2013","RESI","2332 Westclub Terrace Ct","Wildwood","Wildwood","347","3","$190,000","3","2 (2 0)","1,610","0.2500","32","MTWA01"
"13049025","S","12/03/2013","RESI","2516 Maple Crossing Dr","Wildwood","Wildwood","347","58","$195,000","4","2 (2 0)","1,374","0.2000","34","PRUA05"
"13047224","S","10/11/2013","RESI","2515 Elm Forest","Wildwood","Ballwin","347","13","$196,000","3","2 (2 0)","1,344","0.1910","33","CBG 25"
"13045655","S","11/22/2013","RESI","2527 Elm Forest Ct","Wildwood","Wildwood","347","38","$197,000","3","3 (2 1)","1,928","0.1970","33","CBG 03"
"13058554","S","11/08/2013","RESI","1502 Springer Rd","Ellisville","Ellisville","347","21","$200,000","4","3 (2 1)","2,414","0.3120","40","RXSB01"
"13051478","S","10/30/2013","RESI","1542 Froesel Dr","Ellisville","Ellisville","347","17","$205,000","3","2 (2 0)","1,890","0.2740","36","SLEC03"
"13040649","S","10/07/2013","RESI","33 Hickory Valley Ct","Wildwood","Ballwin","347","22","$206,500","3","4 (2 2)","1,638","0.2300","22","OWAI01"
"13059455","S","12/20/2013","RESI","1544 La Dina Place","Ellisville","Ellisville","347","42","$219,000","3","2 (2 0)","1,804","0.3310","53","CBG 11"
"13053347","S","10/15/2013","RESI","16471 Birch Forest Dr","Wildwood","Wildwood","347","3","$226,000","3","2 (2 0)","1,579","0.3200","34","KWRC01"
"13038144","S","10/04/2013","RESI","16357 Fullerton Meadows Dr","Wildwood","Ballwin","347","135","$227,500","4","4 (2 2)","2,351","0.2100","39","KWRC01"
"13053131","S","12/20/2013","RESI","16920 Kingstowne Place Dr","Wildwood","Ballwin","347","68","$244,500","5","3 (2 1)","2,094","0.1700","24","AVER01"
"13045417","S","10/10/2013","RESI","2421 Forest Leaf","Wildwood","Ballwin","347","18","$245,000","3","2 (2 0)","1,909","0.2010","32","SLEC03"
"13021659","S","10/15/2013","RESI","16882 Paradise Peak","Wildwood","Wildwood","347","126","$245,000","4","3 (2 1)","2,098","0.1900","20","KWRC01"
"13046861","S","12/27/2013","RESI","16662 Clayton Rd","Wildwood","Wildwood","347","65","$246,100","4","3 (3 0)","2,060","0.6350","33","KWRC01"
"13033383","S","10/22/2013","RESI","17263 Windsor Crest Blvd","Wildwood","Wildwood","347","111","$246,500","3","3 (2 1)","2,046","0.1400","14","CBG 32"
"13051955","S","12/30/2013","RESI","1657 Ridge Bend Dr","Wildwood","Glencoe","347","100","$250,000","5","4 (3 1)","2,624","0.3500","26","RLTY24"
"13034216","S","10/30/2013","RESI","250 Timber Meadow","Wildwood","Wildwood","347","134","$254,900","3","2 (2 0)","1,803","0.2900","31","KWSW01"
"13043552","S","10/31/2013","RESI","16444 Westglen Farms Dr","Wildwood","Ballwin","347","85","$256,000","4","3 (2 1)","2,436","0.1900","33","RMXS01"
"13063410","S","12/20/2013","RESI","16462 Hollister Crossing","Wildwood","Ballwin","347","2","$257,000","5","3 (3 0)","1,766","0.1800","30","KWRC01"
"13051956","S","10/24/2013","RESI","16846 Hickory Crest Dr","Wildwood","Wildwood","347","24","$265,000","3","3 (3 0)","1,736","0.1600","21","KWRC01"
"13039276","S","11/15/2013","RESI","2511 Hickory Manor Dr","Wildwood","Wildwood","347","58","$265,000","4","4 (3 1)","2,154","0.3100","19","RMXS01"
"13050140","S","11/01/2013","RESI","1538 Hummingbird Hill Lane","Ellisville","Ellisville","347","14","$267,000","4","3 (2 1)","2,468","0.3270","36","PRUA05"
"13049469","S","12/12/2013","RESI","1604 Clayton Spur Ct","Ellisville","Ellisville","347","42","$268,000","4","4 (2 2)","2,329","0.2840","37","CBG 03"
"13045948","S","10/28/2013","RESI","2445 Hickory Manor Dr","Wildwood","Wildwood","347","21","$269,900","4","3 (2 1)","2,530","0.1700","21","SLEC03"
"13055444","S","11/20/2013","RESI","2428 Evergreen Forest Ct","Wildwood","Wildwood","347","6","$274,900","4","4 (3 1)","2,455","0.2900","30","CBG 03"
"13059766","S","12/18/2013","RESI","1731 Timber Ridge Estates Dr","Wildwood","Wildwood","347","10","$276,000","3","3 (3 0)","2,192","0.2600","27","CBG 11"
"13023827","S","10/02/2013","RESI","1847 Sullivan Pointe","Wildwood","Ballwin","347","155","$278,900","4","3 (2 1)","2,516","0.2500","31","RXSB01"
"13053490","S","12/04/2013","RESI","307 Timber Meadow Dr","Wildwood","Wildwood","347","16","$282,500","4","3 (3 0)","1,652","0.2300","22","CBG 03"
"13038963","S","12/19/2013","RESI","2287 Downey Terrace Dr","Ellisville","Ellisville","347","146","$300,000","4","4 (3 1)","2,626","0.3000","19","PRUA05"
"13039073","S","11/22/2013","RESI","16251 Birchbrook Ct","Wildwood","Chesterfield","347","77","$315,000","4","3 (2 1)","2,554","0.2700","35","KWRW01"
"13051331","S","11/22/2013","RESI","243 Strecker Farms Ct","Wildwood","Wildwood","347","64","$317,000","5","4 (3 1)","2,844","0.2000","21","CBG 11"
"13052588","S","11/08/2013","RESI","1812 Wade Ct","Wildwood","Wildwood","347","3","$320,000","4","4 (2 2)","2,436","0.2200","29","RXSB01"
"13021940","S","11/22/2013","RESI","2228 Babler Valley Lane","Wildwood","Wildwood","347","189","$320,000","5","3 (2 1)","3,220","3.0000","29","RMXP01"
"13056256","S","12/27/2013","RESI","1865 Shiloh Woods","Wildwood","Wildwood","347","37","$320,069","4","3 (3 0)","3,092","3.1000","20","RHSS01"
"13035850","S","10/11/2013","RESI","415 Gunnison Gorge Dr","Wildwood","Wildwood","347","92","$325,000","4","4 (2 2)","2,561","0.6400","32","CBG 03"
"13044551","S","10/15/2013","RESI","662 Shadowridge Dr","Wildwood","Wildwood","347","190","$326,500","5","4 (3 1)","2,977","0.4800","34","RMXP01"
"13038866","S","12/17/2013","RESI","1952 Still Creek Pass","Wildwood","Wildwood","347","127","$328,000","4","4 (3 1)","2,978","0.4100","30","RMXS01"
"13060085","S","12/20/2013","RESI","16411 Woodlodge","Wildwood","Chesterfield","347","12","$329,900","4","3 (2 1)","2,949","0.5300","33","CASE01"
"13046822","S","11/07/2013","RESI","1508 Englebrook Dr","Wildwood","Wildwood","347","81","$335,000","4","4 (3 1)","2,934","0.2300","22","RMXP01"
"13043988","S","10/31/2013","RESI","1808 Sagez","Wildwood","Ballwin","347","74","$339,750","4","4 (3 1)","3,081","0.2300","29","AMRE01"
"13017952","S","10/11/2013","RESI","2248 Ridgley Woods","Clarkson Valley","Clarkson Valley","347","172","$342,000","4","3 (3 0)","2,457","1.0100","38","RXSB01"
"13054182","S","11/14/2013","RESI","1926 Prospector Ridge Dr","Wildwood","Wildwood","347","44","$356,900","4","3 (2 1)","2,574","0.3500","32","RMXS01"
"13050705","S","10/21/2013","RESI","619 Martin Pointe Ct","Wildwood","Wildwood","347","3","$357,000","4","4 (2 2)","3,327","0.2300","32","RXSB01"
"13025402","S","10/25/2013","RESI","2650 Sun Meadow","Wildwood","Wildwood","347","126","$376,000","4","3 (2 1)","2,865","0.4600","39","KWRC01"
"13060155","S","12/27/2013","RESI","1357 Westhampton Woods","Wildwood","Chesterfield","347","129","$382,000","4","5 (4 1)","3,058","0.4500","20","FAST01"
"13031104","S","11/04/2013","RESI","800 Stone Bridge Springs Dr","Wildwood","Wildwood","347","135","$390,000","4","4 (3 1)","3,639","3.0300","16","KBOE01"
"13045438","S","10/29/2013","RESI","350 Turnberry Place","Wildwood","Wildwood","347","65","$395,000","5","4 (3 1)","3,213","0.2600","28","RXSB01"
"13047300","S","11/12/2013","RESI","1938 Still Creek Pass","Wildwood","Wildwood","347","60","$396,000","3","4 (3 1)","2,638","0.4700","30","PRUA05"
"13044644","S","10/09/2013","RESI","1349 Westhampton Woods Ct","Wildwood","Wildwood","347","307","$397,500","5","4 (3 1)","2,858","0.4400","20","CBG 03"
"13053446","S","11/18/2013","RESI","759 Spiceberry Lane","Wildwood","Chesterfield","347","12","$399,900","3","4 (2 2)","2,935","3.1300","39","CBG 32"
"13045137","S","10/03/2013","RESI","18108 Bent Ridge Dr","Wildwood","Wildwood","347","26","$400,000","5","4 (3 1)","2,563","1.0000","30","CBG 32"
"13049088","S","12/16/2013","RESI","17245 Portland Crest Ct","","Wildwood","347","105","$413,500","4","4 (3 1)","2,815","3.0000","26","CBG 03"
"13056886","S","12/11/2013","RESI","1443 Westhampton View Lane","Wildwood","Chesterfield","347","142","$445,000","4","6 (4 2)","3,810","0.3100","18","DIEL01"
"13038136","S","10/31/2013","RESI","16320 Valley Oaks Estates Court","Wildwood","Chesterfield","347","114","$452,500","4","4 (3 1)","2,480","0.5500","21","RXSB01"
"13038790","S","12/20/2013","RESI","1736 Wild Horse Creek","Wildwood","Wildwood","347","163","$455,000","4","4 (3 1)","3,821","6.0700","13","RGRS01"
"13055967","S","11/22/2013","RESI","1007 Keystone Trail Dr","Wildwood","Chesterfield","347","154","$459,000","4","3 (2 1)","2,800","0.6900","22","CBG 11"
"13054451","S","12/18/2013","RESI","16556 Highland Summit Dr","Wildwood","Ballwin","347","11","$465,900","5","3 (3 0)","2,300","0.6600","24","KWRC01"
"11053079","S","12/31/2013","RESI","1511 Scofield Valley Lane","Wildwood","Wildwood","347","478","$470,000","5","6 (4 2)","4,131","3.0700","26","SHAW"
"13054216","S","11/29/2013","RESI","1638 Misty Hollow","Wildwood","Wildwood","347","87","$477,000","4","4 (3 1)","3,230","0.5600","16","CBG 03"
"13047254","S","12/12/2013","RESI","17857 Suzanne Ridge Dr","Wildwood","Wildwood","347","73","$485,000","4","5 (4 1)","","0.3400","20","CBG 03"
"13056368","S","11/27/2013","RESI","1419 Westhampton View Ct","Wildwood","Chesterfield","347","56","$492,000","4","5 (4 1)","3,332","0.6600","21","RMXP01"
"13047101","S","12/26/2013","RESI","18227 Hager Lane","Chesterfield","Chesterfield","347","121","$492,000","6","4 (3 1)","5,000","3.2300","21","RLTY24"
"12058691","S","12/16/2013","RESI","17710 Drummer","Wildwood","Chesterfield","347","394","$518,000","4","6 (4 2)","3,217","0.5800","29","CHES01"
"13053115","S","10/25/2013","RESI","194 Fick Farm Rd","Chesterfield","Chesterfield","347","10","$525,000","4","4 (3 1)","2,743","3.0000","19","CBG 03"
"13043882","S","10/21/2013","RESI","2800 Saint Albans Forest Ct","Wildwood","Wildwood","347","82","$570,000","5","5 (4 1)","4,224","3.2000","14","RMXG01"
"13012745","S","10/21/2013","RESI","17725 Greystone terrace","Wildwood","Chesterfield","347","205","$575,000","5","5 (4 1)","3,764","0.9700","26","FTOR01"
"13021173","S","10/18/2013","RESI","1501 Misty Valley","Wildwood","Wildwood","347","148","$581,000","4","4 (3 1)","4,418","0.6300","19","CBG 32"
"13038070","S","10/17/2013","RESI","311 Strecker Rd","Wildwood","Ballwin","347","41","$599,000","3","4 (3 1)","2,982","6.0000","30","MADA01"
"13029401","S","12/13/2013","RESI","1519 Honey Locust","Wildwood","Chesterfield","347","114","$630,000","6","5 (4 1)","4,351","0.6100","24","CHES01"
"13050537","S","12/11/2013","RESI","17619 Myrtlewood Dr","Wildwood","Wildwood","347","22","$680,000","6","5 (4 1)","4,338","0.6300","22","PRUA05"
"13043813","S","12/17/2013","RESI","2632 Wynncrest Ridge Dr","Wildwood","Wildwood","347","134","$740,000","5","5 (4 1)","4,401","0.4300","14","CBG 11"
"13038186","S","10/25/2013","RESI","1013 Savonne Ct","Chesterfield","Chesterfield","347","174","$850,000","4","6 (4 2)","3,580","1.0100","13","CBG 21"
"13019416","S","12/06/2013","RESI","3615 Gustave Hollow Rd","Wildwood","Wildwood","347","199","$947,950","5","7 (5 2)","5,560","3.0000","11","PRUA08"
"13018737","S","12/30/2013","RESI","1506 Homestead Summit Dr","Wildwood","Wildwood","347","248","$1,150,000","6","6 (5 1)","7,471","1.9800","11","PRUA05"
"12042885","S","11/14/2013","RESI","6  Lot 6 Lafayette Crossing","","Wildwood","347","244","$1,400,089","5","7 (5 2)","","3.0000","0","PRUA50"
"13053090","S","11/18/2013","RESI","2 Grand Meridien Ct","Wildwood","Wildwood","347","60","$1,900,000","4","6 (5 1)","6,133","4.3300","11","DIEL01"
"13024977","S","11/19/2013","RESI","1253 Kiefer Creek","Unincorporated","Ballwin","348","155","$35,000","2","1 (1 0)","888","0.2450","68","HILB01"
"13052146","S","10/01/2013","RESI","227 Highview Dr","Ballwin","Ballwin","348","3","$80,651","3","1 (1 0)","925","0.4690","64","CBG 03"
"13060022","S","12/12/2013","RESI","1342 Macklin Dr","Ellisville","Ellisville","348","36","$89,900","2","2 (2 0)","962","0.9820","62","MADA01"
"13025116","S","12/16/2013","RESI","420 Bush","Ballwin","Ballwin","348","223","$102,000","3","1 (1 0)","1,008","0.3260","59","CBG 07"
"13041335","S","11/26/2013","RESI","1271 Clarkson Ct #1271 ","Ellisville","Ellisville","348","140","$104,500","2","2 (1 1)","800","0.0630","52","CYPM01"
"13020901","S","10/28/2013","RESI","44 Reinke Rd","Ellisville","Ellisville","348","190","$107,000","3","3 (2 1)","1,652","0.2780","55","RNFK01"
"13057335","S","11/15/2013","RESI","116 Ivy Ct","Ballwin","Ballwin","348","15","$110,000","3","1 (1 0)","1,246","0.8440","62","CBPR02"
"13040600","S","10/11/2013","RESI","1232 Vero","Ellisville","Ellisville","348","75","$120,000","4","3 (2 1)","1,822","0.3990","51","SLEC03"
"13055630","S","12/04/2013","RESI","42 Hillcrest Blvd","Winchester","Winchester","348","42","$126,500","3","2 (1 1)","980","0.1720","52","PRUA02"
"13059267","S","12/16/2013","RESI","111 Highview","Ballwin","Ballwin","348","49","$130,000","3","1 (1 0)","925","0.4590","64","SCUR01"
"13049481","S","12/16/2013","RESI","1043 Carole Lane","Ellisville","Ellisville","348","14","$136,000","3","2 (2 0)","1,857","0.3780","52","ADJS01"
"13043627","S","10/31/2013","RESI","134 Vlasis Dr","Ballwin","Ballwin","348","47","$149,000","3","2 (2 0)","1,125","0.2890","59","VCRK01"
"13049141","S","10/10/2013","RESI","849 Village Meadow Dr","Ballwin","Ballwin","348","17","$157,000","3","2 (1 1)","1,566","0.1720","41","SLEC01"
"13045542","S","10/25/2013","RESI","1016 Ridgeway Meadow Dr","Ellisville","Ellisville","348","65","$166,500","3","3 (2 1)","1,737","0.1400","34","RXSB01"
"13046070","S","12/30/2013","RESI","412 Madrina Ct","Ballwin","Ballwin","348","110","$168,000","3","2 (2 0)","1,730","0.2360","44","CBG 11"
"13053888","S","12/19/2013","RESI","204 Bitterwood Dr","Ballwin","Ballwin","348","51","$168,450","3","2 (2 0)","1,284","0.2090","48","SLEC04"
"13045955","S","10/15/2013","RESI","312 Village Creek Dr","Ballwin","Ballwin","348","19","$170,000","3","2 (2 0)","1,173","0.2460","46","KWRW01"
"13041175","S","10/17/2013","RESI","615 Lemonwood Dr","Ballwin","Ballwin","348","87","$170,000","3","3 (2 1)","1,310","0.1870","46","CBG 14"
"13053750","S","11/15/2013","RESI","367 Towerwood Dr","Ballwin","Ballwin","348","16","$176,000","3","3 (2 1)","1,196","0.2200","45","RXSB01"
"13045102","S","11/01/2013","RESI","642 Towerwood","Ballwin","Ballwin","348","76","$180,000","3","3 (3 0)","1,310","0.2230","45","CBG 11"
"13023707","S","10/15/2013","RESI","221 Pleasant Grove Ave","Ballwin","Ballwin","348","516","$182,500","5","4 (3 1)","3,288","0.3350","112","RLXG01"
"13054125","S","11/12/2013","RESI","943 Newport Lane","Ballwin","Ballwin","348","8","$184,000","3","2 (2 0)","","0.2940","58","CBG 11"
"13059522","S","11/26/2013","RESI","226 Brookmont Farm","Ballwin","Ballwin","348","19","$185,000","3","2 (1 1)","","0.1500","32","MCVY01"
"13051623","S","10/28/2013","RESI","669 Walnut Point Ct","Ballwin","Ballwin","348","2","$185,000","3","3 (2 1)","1,217","0.1880","38","EXER01"
"13048749","S","10/10/2013","RESI","125 Nassau Way","Ballwin","Ballwin","348","41","$189,900","4","2 (2 0)","1,864","0.4760","45","SHAW"
"13048403","S","10/25/2013","RESI","317 Providence Rd","Ballwin","Ballwin","348","85","$193,500","3","2 (2 0)","1,659","0.3030","57","CRCA01"
"13061219","S","12/27/2013","RESI","2282 Sunley Lane","Chesterfield","Chesterfield","348","55","$203,300","3","2 (2 0)","1,660","0.2990","41","CBG 03"
"13055171","S","12/02/2013","RESI","447 Madrina","Ballwin","Ballwin","348","1","$206,200","3","2 (2 0)","1,562","0.2250","40","KWRC01"
"13020155","S","11/01/2013","RESI","230 Old Ballwin Rd","Ballwin","Ballwin","348","167","$210,000","4","2 (2 0)","1,976","0.5740","57","RMXS01"
"13051747","S","10/30/2013","RESI","926 Del Ebro Dr","Ballwin","Ballwin","348","10","$210,100","4","3 (2 1)","2,080","0.3100","47","AMRG01"
"13056425","S","12/02/2013","RESI","267 Treasure Cove","Ballwin","Ballwin","348","13","$217,500","6","3 (3 0)","1,771","0.3140","51","RMXR02"
"13051138","S","10/30/2013","RESI","15671 Hester St","Chesterfield","Chesterfield","348","98","$220,000","3","3 (3 0)","1,650","0.2800","39","RMXP01"
"13021885","S","11/20/2013","RESI","559 Happy Ct","Ballwin","Ballwin","348","179","$225,000","3","3 (3 0)","1,533","0.4580","52","EXRG01"
"13051279","S","12/18/2013","RESI","200 Kylewood Ct","Unincorporated","Ballwin","348","71","$230,000","4","3 (2 1)","2,013","0.1500","27","DIEL01"
"13048199","S","12/06/2013","RESI","345 Woodrun Dr","Ballwin","Ballwin","348","32","$235,000","4","3 (2 1)","1,999","0.2300","32","SLEC09"
"13033050","S","10/18/2013","RESI","831 Westrun Dr","Ballwin","Ballwin","348","41","$236,000","5","3 (2 1)","2,426","0.1870","41","CBG 24"
"13060482","S","12/27/2013","RESI","2309 Blue Hill","Chesterfield","Chesterfield","348","42","$239,000","4","4 (2 2)","1,741","0.1920","45","RMXS01"
"13056294","S","11/20/2013","RESI","530 Lering Ct","Ballwin","Ballwin","348","21","$239,000","4","3 (2 1)","2,347","0.3400","33","PRUA05"
"13033925","S","10/15/2013","RESI","1003 Bedford","Ballwin","Ballwin","348","101","$239,900","3","3 (2 1)","2,114","0.3200","54","CBG 09"
"13048658","S","10/10/2013","RESI","2283 Sunley","Chesterfield","Chesterfield","348","4","$241,000","3","3 (3 0)","1,660","0.1890","43","CBG 03"
"13049594","S","10/15/2013","RESI","200 Oak Borough Ct","Ballwin","Ballwin","348","43","$243,231","3","3 (3 0)","1,693","0.1800","25","RXSB01"
"13047196","S","10/23/2013","RESI","914 Palm Bay Dr","Ballwin","Ballwin","348","5","$249,500","4","3 (2 1)","2,170","0.1400","27","CBG 03"
"13057192","S","11/15/2013","RESI","484 Terrington Dr","Ballwin","Ballwin","348","6","$249,900","4","3 (3 0)","1,480","0.1800","26","AVER01"
"13033037","S","11/12/2013","RESI","15944 Cypress Trace Dr","Ballwin","Chesterfield","348","144","$258,000","3","2 (2 0)","1,999","","34","MADA01"
"13055980","S","12/16/2013","RESI","311 Oakmont Farm Dr","Ballwin","Ballwin","348","19","$259,900","4","4 (3 1)","2,330","0.1800","24","PRUA05"
"13039274","S","10/04/2013","RESI","503 Lering Dr","Ballwin","Ballwin","348","62","$262,000","4","3 (2 1)","2,176","0.3660","52","CBG 11"
"13054651","S","12/02/2013","RESI","1022 Camargo Dr","Ballwin","Ballwin","348","47","$270,000","5","3 (2 1)","2,520","0.2990","45","CBG 32"
"13057238","S","12/12/2013","RESI","345 Gateford Dr","Ballwin","Ballwin","348","56","$280,000","4","3 (2 1)","2,638","0.2700","21","PRUA02"
"13058864","S","12/18/2013","RESI","342 Gateford Dr","Ballwin","Ballwin","348","22","$285,000","4","4 (3 1)","2,337","0.2100","21","CBG 04"
"13051004","S","12/19/2013","RESI","206 Monroe Mill Dr","Ballwin","Ballwin","348","62","$285,000","3","3 (3 0)","1,887","0.2890","46","CBG 11"
"13030823","S","10/25/2013","RESI","2119 Bow Tree Ct","Chesterfield","Chesterfield","348","143","$285,000","4","3 (2 1)","2,175","0.2700","35","CBG 04"
"13038375","S","10/08/2013","RESI","441 Shetland Valley","Chesterfield","Chesterfield","348","22","$295,000","3","4 (3 1)","2,144","0.1700","19","BRID01"
"13052920","S","11/01/2013","RESI","584 Rolling Glen Dr","Ballwin","Ballwin","348","21","$300,000","4","3 (2 1)","2,786","0.3530","45","PRUA05"
"13065729","S","11/20/2013","RESI","763 Trago Creek","Ballwin","Ballwin","348","0","$302,000","4","4 (3 1)","2,454","0.1900","27","CBG 07"
"13056203","S","11/20/2013","RESI","2307 Coventry Glenn Ct","Chesterfield","Chesterfield","348","3","$304,500","4","3 (2 1)","2,220","0.2200","29","RXSB01"
"13041902","S","12/26/2013","RESI","768 Trago Creek Dr","Ballwin","Ballwin","348","75","$305,000","4","4 (2 2)","2,456","0.2500","26","CBG 03"
"13049722","S","10/04/2013","RESI","317 Bellerive Dr","Ballwin","Ballwin","348","19","$310,000","3","2 (2 0)","2,181","0.3260","53","SLEC03"
"13051928","S","12/12/2013","RESI","211 Cheval Square Dr","Chesterfield","Chesterfield","348","63","$312,500","4","3 (3 0)","1,579","0.1800","24","KWRC01"
"13052868","S","11/22/2013","RESI","1424 Buckhurst Ct","Ballwin","Ballwin","348","20","$323,000","4","3 (2 1)","3,136","0.3500","20","ASBA01"
"13047523","S","10/31/2013","RESI","1105 New Ballwin Oaks","Ballwin","Ballwin","348","31","$324,000","4","3 (2 1)","2,812","0.2900","14","PREX01"
"13057200","S","11/19/2013","RESI","15929 Heather Glen Dr","Chesterfield","Chesterfield","348","13","$325,000","4","4 (3 1)","2,774","0.2980","41","CBG 15"
"13040977","S","10/12/2013","RESI","117 Windy Acres Estates","Ballwin","Ballwin","348","49","$328,000","4","3 (2 1)","3,163","0.1800","18","CTYR01"
"13034209","S","10/30/2013","RESI","15940 Country Ridge Dr","Chesterfield","Chesterfield","348","124","$344,000","4","4 (3 1)","2,715","0.5400","41","RDKY02"
"13054604","S","11/18/2013","RESI","126 Windy Acres Estates Dr","Ballwin","Ballwin","348","8","$355,000","4","3 (2 1)","3,136","0.1700","18","DPEV01"
"13042959","S","11/14/2013","RESI","411 Castle Glen Ct","Ballwin","Ballwin","348","107","$358,500","5","4 (2 2)","2,708","0.3500","23","RMXR04"
"13051393","S","10/24/2013","RESI","1535 Buckhurst","Ballwin","Ballwin","348","2","$360,000","4","3 (2 1)","3,163","0.2300","14","KWRC01"
"13061396","S","12/27/2013","RESI","317 Saint Andrews Ct","Ballwin","Ballwin","348","25","$365,000","4","4 (4 0)","2,510","0.5100","23","PRUA05"
"13055049","S","11/08/2013","RESI","2376 Fairwood Forest","Ballwin","Chesterfield","348","13","$365,000","4","4 (3 1)","2,389","0.2600","24","RXSB01"
"13054639","S","11/14/2013","RESI","806 Castle Ridge Ct","Ballwin","Ballwin","348","20","$377,500","4","4 (3 1)","2,198","0.4200","22","CBG 03"
"13001272","S","10/03/2013","RESI","16136 Pine Terrace Drive","Unincorporated","Ballwin","348","253","$390,000","4","3 (3 0)","2,354","0.7200","23","KWRC01"
"13059063","S","11/25/2013","RESI","709 Castle Ridge Dr","Ballwin","Ballwin","348","3","$395,000","4","3 (3 0)","2,666","0.3800","19","CBG 03"
"13049752","S","10/23/2013","RESI","416 Castle Pines Ct","Ballwin","Ballwin","348","16","$399,500","4","4 (3 1)","3,188","0.3200","20","CBG 03"
"13053844","S","12/20/2013","RESI","505 Castle Terrace Ct","Ballwin","Ballwin","348","34","$399,900","4","4 (3 1)","2,770","0.2500","21","CBG 03"
"13062677","S","12/12/2013","RESI","2136 Park Forest Dr","Chesterfield","Chesterfield","348","15","$400,000","4","4 (3 1)","2,706","0.3650","41","PRUA05"
"13057654","S","12/09/2013","RESI","16472 Walnut Rail Rd","Clarkson Valley","Chesterfield","348","33","$400,000","3","5 (4 1)","3,110","3.0000","41","CBG 32"
"13034528","S","11/14/2013","RESI","1103 Ridgeway Meadow","Ellisville","Ellisville","348","407","$400,000","4","4 (3 1)","3,899","0.3000","17","PRUA02"
"13037917","S","10/17/2013","RESI","337 Woodcliffe Place Dr","Chesterfield","Chesterfield","348","59","$415,000","4","3 (2 1)","2,738","0.2200","20","PRUA02"
"13059444","S","12/11/2013","RESI","2155 Hickory Dr","Chesterfield","Chesterfield","348","26","$420,000","4","3 (2 1)","2,948","0.6200","32","CBG 03"
"13026348","S","10/17/2013","RESI","822 Shady Castle Ct","Ballwin","Ballwin","348","71","$429,000","4","5 (4 1)","3,894","0.2700","22","CBG 03"
"13045072","S","10/24/2013","RESI","753 Castle Ridge Dr","Ballwin","Ballwin","348","0","$430,000","4","6 (4 2)","3,480","0.6000","20","CBG 03"
"13023487","S","12/30/2013","RESI","16477 Horseshoe Ridge","Clarkson Valley","Clarkson Valley","348","232","$430,000","5","5 (3 2)","2,341","2.0000","41","MCAR03"
"13054302","S","11/15/2013","RESI","225 Lehigh Meadows Drive","Chesterfield","Chesterfield","348","19","$432,500","4","3 (2 1)","2,696","0.2700","24","KWRC01"
"13047903","S","10/15/2013","RESI","16917 Crystal Springs","Chesterfield","Chesterfield","348","19","$433,500","4","3 (2 1)","2,825","0.2100","24","KWRC01"
"14003136","S","10/07/2013","RESI","2035 Wilson Farm Ct","Chesterfield","Chesterfield","348","0","$438,400","4","3 (2 1)","2,632","0.6100","35","PRUA05"
"13045823","S","10/07/2013","RESI","1215 Kiefer Springs Ct","Unincorporated","Ballwin","348","18","$440,000","4","4 (3 1)","2,551","0.3900","17","PRUA05"
"13034578","S","10/11/2013","RESI","2130 Englewood Terrace","Chesterfield","Chesterfield","348","103","$445,000","5","3 (3 0)","3,476","0.3200","23","PRUA05"
"13057465","S","12/30/2013","RESI","1623 Wilson Forest View Ct","Chesterfield","Chesterfield","348","37","$450,000","4","3 (2 1)","2,837","0.3000","31","CBG 32"
"13042073","S","10/11/2013","RESI","16711 Deveronne Cir","Chesterfield","Chesterfield","348","77","$465,000","4","5 (3 2)","2,993","0.2100","24","CBG 03"
"13040258","S","11/01/2013","RESI","7 Greenbank Dr","Clarkson Valley","Clarkson Valley","348","57","$465,000","5","4 (4 0)","2,815","1.2000","46","PRUA05"
"13062152","S","12/20/2013","RESI","2 Crownhill Lane","Clarkson Valley","Chesterfield","348","45","$470,000","4","3 (3 0)","2,354","1.1600","53","PRUA05"
"13054280","S","11/20/2013","RESI","16222 Wilson View Estates Dr","Chesterfield","Chesterfield","348","24","$475,000","4","4 (2 2)","2,930","0.2900","25","CBG 11"
"13053043","S","11/07/2013","RESI","1622 Wilson Forest View Ct","Chesterfield","Chesterfield","348","49","$476,000","4","4 (3 1)","3,075","0.2700","31","PRUA05"
"13050963","S","12/10/2013","RESI","16769 Benton Taylor Dr","Chesterfield","Chesterfield","348","66","$478,000","4","5 (4 1)","3,428","0.5100","19","PRUA05"
"13044972","S","10/03/2013","RESI","1964 Lymington Common","Chesterfield","Chesterfield","348","32","$480,000","4","4 (3 1)","2,740","1.1000","42","PRUA05"
"13054249","S","11/14/2013","RESI","15923 Capitol Landing Dr","Ballwin","Chesterfield","348","17","$485,000","4","4 (3 1)","2,524","0.6500","34","SLEC03"
"13018837","S","11/25/2013","RESI","1740 Baxter Forest Valley Ct","Chesterfield","Chesterfield","348","197","$485,000","4","4 (3 1)","3,168","1.0100","28","RMXP01"
"13049129","S","12/20/2013","RESI","1606 Broken Reins Ct","Clarkson Valley","Chesterfield","348","63","$490,000","5","5 (4 1)","2,936","2.0700","35","CBG 12"
"13040692","S","12/13/2013","RESI","16451 Wilson Farm Dr","Chesterfield","Chesterfield","348","134","$499,300","4","3 (2 1)","2,984","0.5100","34","CBG 11"
"13041329","S","10/24/2013","RESI","1456 Carriage Crossing Lane","Chesterfield","Chesterfield","348","90","$510,000","3","4 (3 1)","2,675","1.0100","31","CBPR01"
"13046574","S","11/20/2013","RESI","1026 Kiefer Ridge Dr","Unincorporated","Unincorporated","348","76","$520,000","4","4 (3 1)","4,021","0.4800","15","CBG 03"
"13051209","S","10/30/2013","RESI","17110 Surrey View Dr","Chesterfield","Chesterfield","348","44","$525,000","5","5 (4 1)","3,499","0.6400","30","PRUA05"
"13027572","S","10/24/2013","RESI","16102 Wilson Manor Dr","Chesterfield","Chesterfield","348","141","$540,000","4","5 (3 2)","3,812","0.6400","30","PRUA05"
"13028500","S","10/18/2013","RESI","1389 Mallet Hill","Ellisville","Ellisville","348","148","$550,000","4","4 (3 1)","","0.3500","18","CBG 11"
"13054142","S","12/02/2013","RESI","15831 Barons Way Dr","Chesterfield","Chesterfield","348","33","$562,000","4","5 (4 1)","3,301","0.3800","25","CBG 11"
"13032769","S","12/18/2013","RESI","16468 Horseshoe Ridge Rd","Clarkson Valley","Clarkson Valley","348","161","$563,906","3","4 (3 1)","4,607","2.0900","41","PRUA05"
"13031438","S","10/11/2013","RESI","16438 Wilson Creek Ct","Clarkson Valley","Clarkson Valley","348","89","$572,000","4","4 (3 1)","2,971","0.9290","32","KWRC01"
"13064135","S","12/23/2013","RESI","879 Arbor Chase","Wildwood","Wildwood","348","21","$590,000","5","5 (4 1)","3,604","0.3900","7","CBG 03"
"13048600","S","10/30/2013","RESI","17418 Wildhorse Meadows","Chesterfield","Chesterfield","348","106","$590,000","4","5 (4 1)","3,811","0.5600","129","CJJO01"
"13037999","S","10/21/2013","RESI","1230 Polo Lake Dr","Ellisville","Ellisville","348","106","$590,000","4","5 (4 1)","4,406","0.3800","19","PRUA05"
"13045656","S","11/25/2013","RESI","16480 Walnut Rail Rd","Clarkson Valley","Chesterfield","348","77","$600,000","3","5 (3 2)","5,500","3.0000","41","CBG 32"
"13043736","S","10/11/2013","RESI","1458 Chesterfield Estates","Chesterfield","Chesterfield","348","4","$616,000","5","4 (3 1)","2,776","0.4200","29","CBG 03"
"13044770","S","12/09/2013","RESI","16467 Horseshoe Ridge Rd","Clarkson Valley","Chesterfield","348","119","$627,500","5","4 (3 1)","2,571","2.0000","40","CBPR01"
"13045706","S","10/22/2013","RESI","16907 Lewis Spring Farms Rd","Wildwood","Wildwood","348","164","$633,000","5","5 (4 1)","6,243","3.0200","25","CBG 32"
"14000700","S","12/12/2013","RESI","364 Oak Stand Path","","Chesterfield","348","0","$646,710","3","3 (2 1)","","0.2770","","PRUA05"
"13051357","S","11/15/2013","RESI","15889 Whitemarsh Cir","Chesterfield","Chesterfield","348","12","$650,000","4","5 (4 1)","3,060","0.8000","38","PRUA05"
"13058850","S","12/12/2013","RESI","361 Willow Weald Path","","Chesterfield","348","0","$659,908","6","6 (5 1)","","","5","PRUA05"
"13048159","S","11/20/2013","RESI","1861 Kehrswood Dr","Clarkson Valley","Chesterfield","348","55","$660,000","4","5 (4 1)","2,921","1.0100","30","CBG 11"
"13040369","S","10/09/2013","RESI","1488 Carriage Crossing Lane","Chesterfield","Chesterfield","348","5","$662,000","3","5 (3 2)","3,223","1.0600","28","CBG 11"
"14000696","S","10/24/2013","RESI","345 Oak Stand Path","","Chesterfield","348","0","$670,210","3","3 (2 1)","","0.2770","","PRUA05"
"13050626","S","10/24/2013","RESI","17119 Surrey View","Chesterfield","Chesterfield","348","14","$674,900","4","4 (3 1)","4,209","0.6800","31","STRA01"
"13044420","S","12/20/2013","RESI","416 Kiefer Creek Rd","Unincorporated","Ballwin","348","246","$675,000","5","6 (5 1)","3,851","1.6400","12","RXSB01"
"14000694","S","10/21/2013","RESI","310 Oak Stand Path","","Chesterfield","348","0","$684,047","3","3 (2 1)","","0.2770","","PRUA05"
"13058855","S","12/20/2013","RESI","367 Willow Weald Path","","Chesterfield","348","0","$684,811","6","6 (5 1)","","","5","PRUA05"
"14000699","S","11/12/2013","RESI","324 Oak Stand Path","","Chesterfield","348","0","$690,765","3","3 (2 1)","","0.2770","","PRUA05"
"13045364","S","12/06/2013","RESI","16347 Champion Drive","Chesterfield","Chesterfield","348","77","$700,000","5","7 (6 1)","4,593","0.5100","17","RMXP01"
"14000702","S","12/20/2013","RESI","388 Oak Stand Path","","Chesterfield","348","0","$718,976","3","3 (2 1)","","0.2770","","PRUA05"
"13058851","S","12/17/2013","RESI","360 Willow Weald Path","","Chesterfield","348","0","$763,212","6","6 (5 1)","","","5","PRUA05"
"14000690","S","10/09/2013","RESI","328 Willow Weald Path","","Chesterfield","348","0","$794,618","6","6 (5 1)","","","5","PRUA05"
"13006320","S","10/24/2013","RESI","1320 Westchester Manor Lane","Chesterfield","Chesterfield","348","213","$935,000","4","7 (4 3)","4,429","0.5400","14","PRUA05"
"13014821","S","10/25/2013","RESI","11 Lot Wilson Creek  #11 ","","Chesterfield","348","117","$1,164,859","5","6 (4 2)","","","","CBG 50"
"13054806","S","12/12/2013","RESI","16806 Eagle Bluff Ct","","Chesterfield","348","0","$1,401,781","4","4 (3 1)","","","","CBG 32"
"13061461","S","12/11/2013","RESI","16769 Eagle Bluff Ct","Chesterfield","Chesterfield","348","17","$1,550,000","6","6 (5 1)","5,812","0.8290","6","PRUA05"
"13026514","S","12/12/2013","RESI","16822 Eagle Bluff Ct","Chesterfield","Chesterfield","348","173","$1,679,330","5","6 (4 2)","","1.0020","10","CBG 32"
"13050870","S","10/21/2013","RESI","16727 Wills Trace","Wildwood","Chesterfield","348","0","$1,812,750","4","6 (4 2)","5,726","2.1600","14","CBG 04"
"13055577","S","11/14/2013","RESI","1602 Valley Park Rd","Unincorporated","Fenton","349","32","$79,900","3","2 (2 0)","900","0.1770","52","CBG 06"
"13043091","S","10/21/2013","RESI","967 Tree Trails Lane","Unincorporated","Fenton","349","11","$91,500","3","2 (2 0)","1,462","0.1720","42","RMBC01"
"13048538","S","10/03/2013","RESI","1338 Greenmar Dr","Unincorporated","Fenton","349","30","$102,700","2","1 (1 0)","864","0.1740","40","EQTY01"
